rank,name,road,simple,fatal,total,year,cctvPriorityCandidate,pedestrian_crash_prone,pedestrian_simple_crashes,pedestrian_fatal_crashes,pedestrian_total_crashes,two_wheeler_crash_prone,two_wheeler_simple_crashes,two_wheeler_fatal_crashes,two_wheeler_total_crashes,htv_crash_prone,htv_simple_crashes,htv_fatal_crashes,htv_total_crashes,hit_and_run_crash_prone,hit_and_run_simple_crashes,hit_and_run_fatal_crashes,hit_and_run_total_crashes,day_time_crash_prone,day_time_simple_crashes,day_time_fatal_crashes,day_time_total_crashes,night_time_crash_prone,night_time_simple_crashes,night_time_fatal_crashes,night_time_total_crashes,blackspot_persons_killed,blackspot_persons_injured,lat,lng,x,y,district,geocodeSource,record_id,location,fatal_crashes,simple_crashes,total_crashes,latitude,longitude,coordinate_status,source_record
1,Azadpur Sabzi Mandi,GTK Road,9,11,20,2024,true,true,4,7,11,true,4,4,8,true,3,5,8,true,3,4,7,true,5,5,10,true,4,6,10,11,9,28.712,77.174,627.3,327.6,North-West,matched to 2023 geocoded zone by name,1,Azadpur Sabzi Mandi,11,9,20,28.712,77.174,matched to 2023 geocoded zone by name,
2,Wazirabad,Outer Ring Road,6,9,15,2024,true,false,,,,true,4,7,11,false,,,,true,3,5,8,true,4,4,8,true,2,5,7,10,7,28.711,77.227,710.9,329.4,North,matched to 2023 geocoded zone by name,2,Wazirabad,9,6,15,28.711,77.227,matched to 2023 geocoded zone by name,
3,Akshardham Mandir,NH-24,11,8,19,2024,true,false,,,,true,4,6,10,false,,,,true,4,4,8,true,8,4,12,true,3,4,7,8,14,28.612,77.277,789.7,507.2,East,matched to 2023 geocoded zone by name,3,Akshardham Mandir,8,11,19,28.612,77.277,matched to 2023 geocoded zone by name,
4,ISBT Kashmiri Gate,Ring Road,9,8,17,2024,true,true,5,7,12,false,,,,false,,,,true,1,6,7,true,5,3,8,true,4,5,9,8,11,28.6679,77.2284,713.1,406.8,North,matched to 2023 geocoded zone by name,4,ISBT Kashmiri Gate,8,9,17,28.6679,77.2284,matched to 2023 geocoded zone by name,
5,Anand Vihar ISBT,Road No.56,8,8,16,2024,true,true,5,7,12,false,,,,false,,,,true,0,3,3,false,,,,true,6,6,12,8,13,28.6465,77.316,851.1,445.2,East,matched to 2023 geocoded zone by name,5,Anand Vihar ISBT,8,8,16,28.6465,77.316,matched to 2023 geocoded zone by name,
6,SGT Nagar,GTK Road,11,7,18,2024,true,false,,,,true,7,4,11,false,,,,true,5,4,9,true,5,4,9,true,6,3,9,8,16,28.745,77.15,589.5,268.4,Outer North,matched to 2023 geocoded zone by name,6,SGT Nagar,7,11,18,28.745,77.15,matched to 2023 geocoded zone by name,
7,Rajoukari Flyover,NH-8,9,7,16,2024,true,false,,,,true,3,4,7,false,,,,true,2,4,6,false,,,,true,5,6,11,7,14,,,,,,unresolved,7,Rajoukari Flyover,7,9,16,,,unresolved,
8,Near Yashobhoomi Convention Centre Dwarka,UER II,5,7,12,2024,false,false,,,,true,2,3,5,false,,,,false,,,,false,,,,true,3,6,9,7,7,,,,,,unresolved,8,Near Yashobhoomi Convention Centre Dwarka,7,5,12,,,unresolved,
9,Bhalswa Chowk,Outer Ring Road,13,6,19,2024,false,false,,,,true,8,3,11,false,,,,false,,,,true,8,4,12,false,,,,6,17,28.736,77.17,621,284.5,North-West,matched to 2023 geocoded zone by name,9,Bhalswa Chowk,6,13,19,28.736,77.17,matched to 2023 geocoded zone by name,
10,Libaspur Bus Stand,GTK Road,12,6,18,2024,true,true,6,3,9,false,,,,true,1,3,4,true,5,3,8,true,10,2,12,true,2,4,6,6,18,28.742,77.153,594.2,273.7,Outer North,matched to 2023 geocoded zone by name,10,Libaspur Bus Stand,6,12,18,28.742,77.153,matched to 2023 geocoded zone by name,
11,Mukundpur Chowk,Outer Ring Road,8,6,14,2024,true,true,3,3,6,false,,,,false,,,,true,1,3,4,false,,,,true,2,5,7,,,28.73,77.185,644.7,295.3,North-West,matched to 2023 geocoded zone by name,11,Mukundpur Chowk,6,8,14,28.73,77.185,matched to 2023 geocoded zone by name,
12,Geeta Colony Flyover,Yamuna Pusta Road,5,6,11,2024,true,false,,,,true,3,3,6,false,,,,true,1,3,4,true,4,4,8,false,,,,,,28.645,77.26,762.9,447.9,Central,matched to 2023 geocoded zone by name,12,Geeta Colony Flyover,6,5,11,28.645,77.26,matched to 2023 geocoded zone by name,
13,Chandgi Ram Akhara,Outer Ring Road,4,6,10,2024,true,false,,,,true,1,6,7,false,,,,true,3,4,7,true,3,3,6,true,1,3,4,,,,,,,,unresolved,13,Chandgi Ram Akhara,6,4,10,,,unresolved,
14,Hanuman Mandir JJ Colony Bawana,Bawana Road,14,5,19,2024,false,true,10,1,11,true,3,3,6,false,,,,false,,,,true,8,4,12,false,,,,,,,,,,,unresolved,14,Hanuman Mandir JJ Colony Bawana,5,14,19,,,unresolved,
15,Seelampur T Point,G.T. Road,12,5,17,2024,false,false,,,,true,3,3,6,false,,,,false,,,,false,,,,true,7,3,10,,,28.67,77.266,772.3,403,,matched to 2023 geocoded zone by name,15,Seelampur T Point,5,12,17,28.67,77.266,matched to 2023 geocoded zone by name,
16,Singhu Border,GTK Road,10,5,15,2024,true,false,,,,true,5,3,8,false,,,,true,3,3,6,false,,,,true,7,5,12,,,,,,,,unresolved,16,Singhu Border,5,10,15,,,unresolved,
17,Khajoori Chowk,Wazirabad Road,9,5,14,2024,true,false,,,,false,,,,false,,,,true,2,3,5,true,6,3,9,false,,,,,,28.712,77.262,766,327.6,North-East,matched to 2023 geocoded zone by name,17,Khajoori Chowk,5,9,14,28.712,77.262,matched to 2023 geocoded zone by name,
18,Britannia Chowk,Ring Road,8,5,13,2024,false,true,3,3,6,false,,,,false,,,,false,,,,false,,,,true,4,3,7,,,28.6946,77.1396,573.1,358.9,North-West,matched to 2023 geocoded zone by name,18,Britannia Chowk,5,8,13,28.6946,77.1396,matched to 2023 geocoded zone by name,
19,Metro Station Haider Pur,Outer Ring Road,8,5,13,2024,true,false,,,,false,,,,false,,,,true,1,3,4,true,2,3,5,true,3,4,7,,,28.7145,77.147,584.8,323.1,North-West,matched to 2023 geocoded zone by name,19,Metro Station Haider Pur,5,8,13,28.7145,77.147,matched to 2023 geocoded zone by name,
20,Sec-23 Petrol Pump,Qutab Garh Road,7,5,12,2024,true,true,0,3,3,false,,,,false,,,,true,0,5,5,true,6,4,10,false,,,,,,,,,,,unresolved,20,Sec-23 Petrol Pump,5,7,12,,,unresolved,
21,Zakhira Flyover,Rohtak Road,6,5,11,2024,false,false,,,,true,5,3,8,false,,,,false,,,,false,,,,true,3,4,7,,,28.665,77.159,603.7,412,West,matched to 2023 geocoded zone by name,21,Zakhira Flyover,5,6,11,28.665,77.159,matched to 2023 geocoded zone by name,
22,Red Light Pulprahlad Pur,Mehrauli Badarpur Road,5,5,10,2024,false,false,,,,true,3,4,7,true,2,5,7,false,,,,true,2,4,6,false,,,,,,,,,,,unresolved,22,Red Light Pulprahlad Pur,5,5,10,,,unresolved,
23,Prem Bari Pull,Ring Road,4,5,9,2024,false,true,0,3,3,false,,,,false,,,,false,,,,false,,,,true,3,3,6,,,,,,,,unresolved,23,Prem Bari Pull,5,4,9,,,unresolved,
24,Hanuman Mandir Yamuna Bazar,Ring Road,4,5,9,2024,false,false,,,,false,,,,false,,,,false,,,,false,,,,false,,,,,,,,,,,unresolved,24,Hanuman Mandir Yamuna Bazar,5,4,9,,,unresolved,
25,Punjabi Bagh Chowk,Ring Road,4,5,9,2024,true,false,,,,false,,,,false,,,,true,3,3,6,true,3,3,6,false,,,,,,28.672,77.132,561.1,399.4,West,matched to 2023 geocoded zone by name,25,Punjabi Bagh Chowk,5,4,9,28.672,77.132,matched to 2023 geocoded zone by name,
26,Mukarba Chowk,GTK Road,3,5,8,2024,true,false,,,,true,0,3,3,false,,,,true,1,3,4,false,,,,true,1,5,6,,,28.7373,77.1598,605,282.2,Outer North,matched to 2023 geocoded zone by name,26,Mukarba Chowk,5,3,8,28.7373,77.1598,matched to 2023 geocoded zone by name,
27,Shamshan Ghat Geeta Colony,Yamuna Pusta Road,3,5,8,2024,true,true,3,3,6,false,,,,false,,,,true,0,4,4,false,,,,true,0,3,3,,,,,,,,unresolved,27,Shamshan Ghat Geeta Colony,5,3,8,,,unresolved,
28,Goyla Village Najafgarh,Goyla Dairy Road,2,5,7,2024,false,false,,,,false,,,,false,,,,false,,,,true,1,3,4,false,,,,,,28.587,76.994,343.7,552.1,Dwarka,matched to 2023 geocoded zone by name,28,Goyla Village Najafgarh,5,2,7,28.587,76.994,matched to 2023 geocoded zone by name,
29,Gandhi Vihar Bus Stand,Outer Ring Road,2,5,7,2024,false,false,,,,true,1,3,4,false,,,,false,,,,true,1,3,4,false,,,,,,28.718,77.206,677.8,316.8,North-West,matched to 2023 geocoded zone by name,29,Gandhi Vihar Bus Stand,5,2,7,28.718,77.206,matched to 2023 geocoded zone by name,
30,Archana Cinema Red Light,Josef Broz Tito Marg,2,5,7,2024,false,false,,,,false,,,,false,,,,false,,,,true,0,3,3,false,,,,,,,,,,,unresolved,30,Archana Cinema Red Light,5,2,7,,,unresolved,
31,Sarai Kale Khan,Ring Road,16,4,20,2024,true,true,8,2,10,false,,,,true,3,1,4,true,4,3,7,true,9,1,10,true,7,3,10,,,28.587,77.261,764.5,552.1,South-East,matched to 2023 geocoded zone by name,31,Sarai Kale Khan,4,16,20,28.587,77.261,matched to 2023 geocoded zone by name,
32,Kashmiri Gate Chowk Boulevard Road,Boulevard Road,14,4,18,2024,false,true,8,4,12,false,,,,false,,,,false,,,,false,,,,true,8,2,10,,,,,,,,unresolved,32,Kashmiri Gate Chowk Boulevard Road,4,14,18,,,unresolved,
33,Burari Chowk,Outer Ring Road,12,4,16,2024,true,false,,,,false,,,,false,,,,true,6,3,9,false,,,,true,4,3,7,,,28.74,77.195,660.4,277.3,North,matched to 2023 geocoded zone by name,33,Burari Chowk,4,12,16,28.74,77.195,matched to 2023 geocoded zone by name,
34,Adarsh Nagar,GTK Road,12,4,16,2024,false,true,6,4,10,false,,,,true,3,3,6,false,,,,false,,,,true,5,3,8,,,28.716,77.172,624.2,320.4,North-West,matched to 2023 geocoded zone by name,34,Adarsh Nagar,4,12,16,28.716,77.172,matched to 2023 geocoded zone by name,
35,Chhatra Marg Crossing,Ring Road,12,4,16,2024,false,true,8,2,10,false,,,,false,,,,false,,,,true,9,3,12,false,,,,,,,,,,,unresolved,35,Chhatra Marg Crossing,4,12,16,,,unresolved,
36,Shastri Nagar Metro Station,Vir Banda Bairagi Marg,10,4,14,2024,true,true,5,3,8,false,,,,false,,,,true,5,3,8,true,6,3,9,false,,,,,,,,,,,unresolved,36,Shastri Nagar Metro Station,4,10,14,,,unresolved,
37,Majlis Park Metro Station,Road No.51,7,4,11,2024,false,false,,,,true,2,3,5,false,,,,false,,,,true,5,3,8,false,,,,,,,,,,,unresolved,37,Majlis Park Metro Station,4,7,11,,,unresolved,
38,Keshopur T Point,Outer Ring Road,7,4,11,2024,false,false,,,,false,,,,false,,,,false,,,,false,,,,false,,,,,,28.643,77.082,482.3,451.5,West,matched to 2023 geocoded zone by name,38,Keshopur T Point,4,7,11,28.643,77.082,matched to 2023 geocoded zone by name,
39,Azad Pur Chowk,GTK Road,7,4,11,2024,true,true,6,3,9,false,,,,false,,,,true,1,3,4,false,,,,true,3,3,6,,,,,,,,unresolved,39,Azad Pur Chowk,4,7,11,,,unresolved,
40,Delhi Gate,N. Subhash Marg,6,4,10,2024,false,false,,,,false,,,,false,,,,false,,,,false,,,,true,4,3,7,,,28.6392084,77.2407549,732.5,458.3,Central,"OSM Nominatim (Delhi Gate, N. Subhash Marg, Delhi, India)",40,Delhi Gate,4,6,10,28.6392084,77.2407549,"OSM Nominatim (Delhi Gate, N. Subhash Marg, Delhi, India)",
41,Siraspur,GTK Road,6,4,10,2024,true,false,,,,false,,,,false,,,,true,2,3,5,false,,,,true,4,3,7,,,28.75,77.142,576.9,259.4,Outer North,matched to 2023 geocoded zone by name,41,Siraspur,4,6,10,28.75,77.142,matched to 2023 geocoded zone by name,
42,Dhaula Kuan,Ring Road,5,4,9,2024,true,false,,,,false,,,,false,,,,true,1,3,4,false,,,,true,2,3,5,,,28.592,77.162,608.4,543.1,South-West,matched to 2023 geocoded zone by name,42,Dhaula Kuan,4,5,9,28.592,77.162,matched to 2023 geocoded zone by name,
43,Monastery Ring Road,Ring Road,5,4,9,2024,false,true,5,4,9,false,,,,false,,,,false,,,,false,,,,true,0,3,3,,,,,,,,unresolved,43,Monastery Ring Road,4,5,9,,,unresolved,
44,Kingsway Camp Chowk,Ring Road,4,4,8,2024,false,false,,,,false,,,,false,,,,false,,,,false,,,,true,1,3,4,,,28.698,77.2,668.3,352.8,North-West,matched to 2023 geocoded zone by name,44,Kingsway Camp Chowk,4,4,8,28.698,77.2,matched to 2023 geocoded zone by name,
45,Govindpuri Metro Station,Anand Mai Marg,4,4,8,2024,false,false,,,,false,,,,false,,,,false,,,,false,,,,true,3,3,6,,,28.545106,77.2638852,769,627.3,South-East,"OSM Nominatim (Govindpuri Metro Station, Anand Mai Marg, Delhi, India)",45,Govindpuri Metro Station,4,4,8,28.545106,77.2638852,"OSM Nominatim (Govindpuri Metro Station, Anand Mai Marg, Delhi, India)",
46,Nangloi Metro Station,Rohtak Road,3,4,7,2024,true,false,,,,false,,,,false,,,,true,1,3,4,false,,,,true,1,4,5,,,,,,,,unresolved,46,Nangloi Metro Station,4,3,7,,,unresolved,
47,Metro Station Madipur,Rohtak Road,3,4,7,2024,false,true,3,3,6,false,,,,false,,,,false,,,,false,,,,false,,,,,,28.679,77.118,539.1,386.9,West,matched to 2023 geocoded zone by name,47,Metro Station Madipur,4,3,7,28.679,77.118,matched to 2023 geocoded zone by name,
48,Keval Park Road No. 51,Road No. 51,2,4,6,2024,false,false,,,,true,2,4,6,false,,,,false,,,,false,,,,false,,,,,,,,,,,unresolved,48,Keval Park Road No. 51,4,2,6,,,unresolved,
49,Near Triveni Park Nangal Village Delhi Cantt,Pankha Road,2,4,6,2024,false,false,,,,false,,,,false,,,,false,,,,false,,,,false,,,,,,,,,,,unresolved,49,Near Triveni Park Nangal Village Delhi Cantt,4,2,6,,,unresolved,
50,Near SDM Office Geeta Colony,Yamuna Pusta Road,1,4,5,2024,false,false,,,,true,0,3,3,false,,,,false,,,,false,,,,true,1,3,4,,,,,,,,unresolved,50,Near SDM Office Geeta Colony,4,1,5,,,unresolved,
51,Flyover Raja Ram Marg,Raja Ram Kohli Marg,1,4,5,2024,true,false,,,,false,,,,false,,,,true,0,3,3,false,,,,false,,,,,,,,,,,unresolved,51,Flyover Raja Ram Marg,4,1,5,,,unresolved,
52,Telco Gajipur,Road No.56,9,3,12,2024,false,false,,,,false,,,,false,,,,false,,,,false,,,,false,,,,,,,,,,,unresolved,52,Telco Gajipur,3,9,12,,,unresolved,
53,Loni Road Crossing,Wazirabad Road,8,3,11,2024,true,false,,,,false,,,,false,,,,true,1,3,4,false,,,,false,,,,,,28.705,77.288,807,340.2,North-East,matched to 2023 geocoded zone by name,53,Loni Road Crossing,3,8,11,28.705,77.288,matched to 2023 geocoded zone by name,
54,Metro Station Dilshad Garden,G.T. Road,7,3,10,2024,false,false,,,,false,,,,false,,,,false,,,,false,,,,false,,,,,,28.6757033,77.3125046,845.6,392.8,Shahdara,"OSM Nominatim (Metro Station Dilshad Garden, G.T. Road, Delhi, India)",54,Metro Station Dilshad Garden,3,7,10,28.6757033,77.3125046,"OSM Nominatim (Metro Station Dilshad Garden, G.T. Road, Delhi, India)",
55,Hamdard Nagar Red Light,Mehrauli Badarpur Road,7,3,10,2024,false,false,,,,false,,,,false,,,,false,,,,false,,,,true,2,3,5,,,,,,,,unresolved,55,Hamdard Nagar Red Light,3,7,10,,,unresolved,
56,Uttam Nagar,Najafgarh Road,7,3,10,2024,false,false,,,,false,,,,false,,,,false,,,,false,,,,false,,,,,,28.621,77.065,455.6,491,Dwarka,matched to 2023 geocoded zone by name,56,Uttam Nagar,3,7,10,28.621,77.065,matched to 2023 geocoded zone by name,
57,Radisson Hotel,NH-8,6,3,9,2024,false,false,,,,false,,,,false,,,,false,,,,false,,,,false,,,,,,28.6339659,77.2171659,695.4,467.7,New Delhi,"OSM Nominatim (Radisson Hotel, NH-8, Delhi, India)",57,Radisson Hotel,3,6,9,28.6339659,77.2171659,"OSM Nominatim (Radisson Hotel, NH-8, Delhi, India)",
58,District Center Janakpuri,Najafgarh Road,6,3,9,2024,true,false,,,,false,,,,false,,,,true,1,3,4,false,,,,false,,,,,,28.629,77.078,476,476.7,West,matched to 2023 geocoded zone by name,58,District Center Janakpuri,3,6,9,28.629,77.078,matched to 2023 geocoded zone by name,
59,Udyog Nagar,Rohtak Road,6,3,9,2024,false,false,,,,false,,,,false,,,,false,,,,false,,,,true,2,3,5,,,28.682,77.08,479.2,381.5,Outer,matched to 2023 geocoded zone by name,59,Udyog Nagar,3,6,9,28.682,77.08,matched to 2023 geocoded zone by name,
60,Sai Baba Mandir Najafgarh,Najafgarh Road,6,3,9,2024,false,false,,,,false,,,,false,,,,false,,,,false,,,,false,,,,,,28.6138639,77.0005506,354,503.8,Dwarka,"OSM Nominatim (Sai Baba Mandir Najafgarh, Najafgarh Road, Delhi, India)",60,Sai Baba Mandir Najafgarh,3,6,9,28.6138639,77.0005506,"OSM Nominatim (Sai Baba Mandir Najafgarh, Najafgarh Road, Delhi, India)",
61,Rama Road Crossing,Patel Road,6,3,9,2024,false,false,,,,false,,,,false,,,,false,,,,false,,,,false,,,,,,,,,,,unresolved,61,Rama Road Crossing,3,6,9,,,unresolved,
62,C-1 Janakpuri,Pankha Road,6,3,9,2024,false,false,,,,false,,,,false,,,,false,,,,false,,,,false,,,,,,28.6174335,77.0785095,476.8,497.4,West,"OSM Nominatim (C-1 Janakpuri, Pankha Road, Delhi, India)",62,C-1 Janakpuri,3,6,9,28.6174335,77.0785095,"OSM Nominatim (C-1 Janakpuri, Pankha Road, Delhi, India)",
63,Ghewra More,Rohtak Road,5,3,8,2024,false,true,0,3,3,false,,,,false,,,,false,,,,false,,,,false,,,,,,,,,,,unresolved,63,Ghewra More,3,5,8,,,unresolved,
64,Deepali Chowk,Outer Ring Road,5,3,8,2024,false,false,,,,false,,,,false,,,,false,,,,false,,,,false,,,,,,28.698,77.121,543.8,352.8,Outer,matched to 2023 geocoded zone by name,64,Deepali Chowk,3,5,8,28.698,77.121,matched to 2023 geocoded zone by name,
65,CRPF Camp Sonia Vihar,Pusta Road,5,3,8,2024,true,false,,,,false,,,,false,,,,true,0,3,3,false,,,,true,4,3,7,,,,,,,,unresolved,65,CRPF Camp Sonia Vihar,3,5,8,,,unresolved,
66,Budhpur Ganda Nala/Hanuman Mandir Budhpur,GTK Road,5,3,8,2024,false,false,,,,false,,,,false,,,,false,,,,false,,,,true,1,3,4,,,,,,,,unresolved,66,Budhpur Ganda Nala/Hanuman Mandir Budhpur,3,5,8,,,unresolved,
67,Sai Baba Mandir NH-1,GTK Road,4,3,7,2024,false,false,,,,false,,,,false,,,,false,,,,false,,,,false,,,,,,28.741,77.157,600.5,275.5,Outer North,matched to 2023 geocoded zone by name,67,Sai Baba Mandir NH-1,3,4,7,28.741,77.157,matched to 2023 geocoded zone by name,
68,Khichadi Pur,NH-24,4,3,7,2024,false,false,,,,false,,,,false,,,,false,,,,false,,,,false,,,,,,,,,,,unresolved,68,Khichadi Pur,3,4,7,,,unresolved,
69,Kirari More,Rohtak Road,4,3,7,2024,true,false,,,,false,,,,false,,,,true,0,3,3,false,,,,false,,,,,,,,,,,unresolved,69,Kirari More,3,4,7,,,unresolved,
70,Jharera Village,NH-8,4,3,7,2024,false,false,,,,false,,,,false,,,,false,,,,false,,,,true,1,3,4,,,28.5794187,77.1450622,581.7,565.7,South-West,"OSM Nominatim (Jharera Village, NH-8, Delhi, India)",70,Jharera Village,3,4,7,28.5794187,77.1450622,"OSM Nominatim (Jharera Village, NH-8, Delhi, India)",
71,Wazir Pur Depot,Ring Road,4,3,7,2024,false,false,,,,false,,,,false,,,,false,,,,false,,,,true,2,3,5,,,28.693,77.152,592.7,361.7,North-West,matched to 2023 geocoded zone by name,71,Wazir Pur Depot,3,4,7,28.693,77.152,matched to 2023 geocoded zone by name,
72,Under Pass Gajipur,NH-24,4,3,7,2024,true,false,,,,true,2,3,5,false,,,,true,2,3,5,false,,,,false,,,,,,,,,,,unresolved,72,Under Pass Gajipur,3,4,7,,,unresolved,
73,Hilton Hotel,Noida Link Road,3,3,6,2024,false,false,,,,false,,,,false,,,,false,,,,false,,,,false,,,,,,28.5279835,77.2174969,695.9,658.1,South,"OSM Nominatim (Hilton Hotel, Noida Link Road, Delhi, India)",73,Hilton Hotel,3,3,6,28.5279835,77.2174969,"OSM Nominatim (Hilton Hotel, Noida Link Road, Delhi, India)",
74,Ram Charan Aggarwal Chowk,BSZ Marg,3,3,6,2024,false,false,,,,false,,,,false,,,,false,,,,false,,,,false,,,,,,,,,,,unresolved,74,Ram Charan Aggarwal Chowk,3,3,6,,,unresolved,
75,AIIMS,Ring Road,3,3,6,2024,false,false,,,,false,,,,false,,,,false,,,,false,,,,false,,,,,,28.5668602,77.2078058,680.6,588.3,South,"OSM Nominatim (AIIMS, Ring Road, Delhi, India)",75,AIIMS,3,3,6,28.5668602,77.2078058,"OSM Nominatim (AIIMS, Ring Road, Delhi, India)",
76,Tilak Nagar Flyover,Najafgarh Road,3,3,6,2024,false,false,,,,false,,,,false,,,,false,,,,false,,,,true,1,3,4,,,28.636,77.096,504.4,464.1,West,matched to 2023 geocoded zone by name,76,Tilak Nagar Flyover,3,3,6,28.636,77.096,matched to 2023 geocoded zone by name,
77,Shani Mandir NH-1,GTK Road,3,3,6,2024,false,false,,,,false,,,,false,,,,false,,,,false,,,,false,,,,,,28.738,77.16,605.3,280.9,Outer North,matched to 2023 geocoded zone by name,77,Shani Mandir NH-1,3,3,6,28.738,77.16,matched to 2023 geocoded zone by name,
78,Tilak Marg Bhagwan Das Marg Crossing,Tilak Marg,3,3,6,2024,false,false,,,,false,,,,false,,,,false,,,,false,,,,false,,,,,,,,,,,unresolved,78,Tilak Marg Bhagwan Das Marg Crossing,3,3,6,,,unresolved,
79,Nirankari Colony,Outer Ring Road,3,3,6,2024,false,false,,,,true,2,3,5,false,,,,false,,,,false,,,,false,,,,,,28.7165712,77.2064187,678.4,319.4,North-West,"OSM Nominatim (Nirankari Colony, Outer Ring Road, Delhi, India)",79,Nirankari Colony,3,3,6,28.7165712,77.2064187,"OSM Nominatim (Nirankari Colony, Outer Ring Road, Delhi, India)",
80,Satya Niketan Nanakpura,Ring Road,3,3,6,2024,true,false,,,,false,,,,false,,,,true,1,3,4,false,,,,false,,,,,,,,,,,unresolved,80,Satya Niketan Nanakpura,3,3,6,,,unresolved,
81,Near Haldiram Wazirpur,Ring Road,3,3,6,2024,false,false,,,,false,,,,false,,,,false,,,,false,,,,false,,,,,,28.691,77.15,589.5,365.3,North-West,matched to 2023 geocoded zone by name,81,Near Haldiram Wazirpur,3,3,6,28.691,77.15,matched to 2023 geocoded zone by name,
82,Raja Harishchander Hospital,DSIDC Narela Road,3,3,6,2024,false,false,,,,false,,,,false,,,,false,,,,false,,,,false,,,,,,28.799,77.086,488.7,171.4,Outer North,matched to 2023 geocoded zone by name,82,Raja Harishchander Hospital,3,3,6,28.799,77.086,matched to 2023 geocoded zone by name,
83,Shalimar Bagh,Ring Road,3,3,6,2024,false,false,,,,true,3,3,6,false,,,,false,,,,false,,,,false,,,,,,28.703,77.16,605.3,343.8,North-West,matched to 2023 geocoded zone by name,83,Shalimar Bagh,3,3,6,28.703,77.16,matched to 2023 geocoded zone by name,
84,Round About Bhairaon Enclave,Outer Ring Road,3,3,6,2024,false,false,,,,false,,,,false,,,,false,,,,false,,,,false,,,,,,,,,,,unresolved,84,Round About Bhairaon Enclave,3,3,6,,,unresolved,
85,Jeewan Mala Hospital,New Rohtak Road,2,3,5,2024,false,false,,,,false,,,,false,,,,false,,,,false,,,,false,,,,,,,,,,,unresolved,85,Jeewan Mala Hospital,3,2,5,,,unresolved,
86,Tughlaqabad Village Red Light,Mehrauli Badarpur Road,2,3,5,2024,false,false,,,,false,,,,false,,,,false,,,,false,,,,false,,,,,,,,,,,unresolved,86,Tughlaqabad Village Red Light,3,2,5,,,unresolved,
87,Khel Gaon,NH-24,2,3,5,2024,false,false,,,,false,,,,false,,,,false,,,,false,,,,false,,,,,,28.6113262,77.2732298,783.7,508.4,East,"OSM Nominatim (Khel Gaon, NH-24, Delhi, India)",87,Khel Gaon,3,2,5,28.6113262,77.2732298,"OSM Nominatim (Khel Gaon, NH-24, Delhi, India)",
88,Near KV School Naraina,Ring Road,2,3,5,2024,false,false,,,,true,1,3,4,false,,,,false,,,,false,,,,false,,,,,,,,,,,unresolved,88,Near KV School Naraina,3,2,5,,,unresolved,
,Hanuman Mandir,,,,,2024,false,false,,,,true,2,3,5,false,,,,false,,,,false,,,,true,3,3,6,,,28.5527309,77.1297546,557.6,613.6,,"OSM Nominatim (Hanuman Mandir, Delhi, India)",89,Hanuman Mandir,,,,28.5527309,77.1297546,"OSM Nominatim (Hanuman Mandir, Delhi, India)",
,Kabootar Market,,,,,2024,false,true,0,3,3,false,,,,false,,,,false,,,,false,,,,false,,,,,,,,,,,unresolved,90,Kabootar Market,,,,,,unresolved,
,Nangli Poona,,,,,2024,false,false,,,,false,,,,false,,,,false,,,,false,,,,true,2,3,5,,,28.761,77.143,578.5,239.6,Outer North,matched to 2023 geocoded zone by name,91,Nangli Poona,,,,28.761,77.143,matched to 2023 geocoded zone by name,
,Rajouri Garden,,,,,2024,false,false,,,,false,,,,false,,,,false,,,,false,,,,true,8,2,10,,,28.649,77.123,547,440.8,West,matched to 2023 geocoded zone by name,92,Rajouri Garden,,,,28.649,77.123,matched to 2023 geocoded zone by name,
,Shastri Park/IT Park,,,,,2024,false,false,,,,false,,,,false,,,,false,,,,true,16,0,16,false,,,,,,28.6725,77.252,750.3,398.6,North-East,matched to 2023 geocoded zone by name,93,Shastri Park/IT Park,,,,28.6725,77.252,matched to 2023 geocoded zone by name,
