police_station_raw,police_station_normalized,police_district_2025,valid_from,valid_to,source,evidence_page,temporal_basis,confidence,reviewed
ADARSH NAGAR,Adarsh Nagar,North West,2026-05-22,,Delhi Police Manual 1 updated 2026-05-22,19,post-period structural reference,1.0,true
ANAND PARBAT,Anand Parbat,Central,2026-05-22,,Delhi Police Manual 1 updated 2026-05-22,21,post-period structural reference,1.0,true
ASHOK VIHAR,Ashok Vihar,North West,2026-05-22,,Delhi Police Manual 1 updated 2026-05-22,19,post-period structural reference,1.0,true
Amar Colony,Amar Colony,South East,2026-05-22,,Delhi Police Manual 1 updated 2026-05-22,15,post-period structural reference,1.0,true
BINDAPUR,Bindapur,Dwarka,2026-05-22,,Delhi Police Manual 1 updated 2026-05-22,17,post-period structural reference,1.0,true
Badarpur,Badarpur,South East,2026-05-22,,Delhi Police Manual 1 updated 2026-05-22,16,post-period structural reference,1.0,true
Bharat Nagar,Bharat Nagar,North West,2026-05-22,,Delhi Police Manual 1 updated 2026-05-22,19,post-period structural reference,1.0,true
Govind Puri,Govind Puri,South East,2026-05-22,,Delhi Police Manual 1 updated 2026-05-22,15,post-period structural reference,1.0,true
HARI NAGAR,Hari Nagar,West,2026-05-22,,Delhi Police Manual 1 updated 2026-05-22,17,post-period structural reference,1.0,true
Hazarat Nizamuddin,Hazrat Nizamuddin,South East,2026-05-22,,Delhi Police Manual 1 updated 2026-05-22,15,post-period structural reference,1.0,true
Inderpuri Police Station,Inder Puri,West,2026-05-22,,Delhi Police Manual 1 updated 2026-05-22,17,post-period structural reference,1.0,true
JAHANGIR PURI,Jahangir Puri,North West,2026-05-22,,Delhi Police Manual 1 updated 2026-05-22,19,post-period structural reference,1.0,true
JANAK PURI,Janak Puri,West,2026-05-22,,Delhi Police Manual 1 updated 2026-05-22,17,post-period structural reference,1.0,true
Jait Pur,Jaitpur,South East,2026-05-22,,Delhi Police Manual 1 updated 2026-05-22,16,post-period structural reference,1.0,true
Jamia Nagar,Jamia Nagar,South East,2026-05-22,,Delhi Police Manual 1 updated 2026-05-22,15,post-period structural reference,1.0,true
KALINDI KUNJ,Kalindi Kunj,South East,2026-05-22,,Delhi Police Manual 1 updated 2026-05-22,16,post-period structural reference,1.0,true
KESHAV PURAM,Keshav Puram,North West,2026-05-22,,Delhi Police Manual 1 updated 2026-05-22,19,post-period structural reference,1.0,true
KIRTI NAGAR,Kirti Nagar,West,2026-05-22,,Delhi Police Manual 1 updated 2026-05-22,18,post-period structural reference,1.0,true
Kalkaji,Kalkaji,South East,2026-05-22,,Delhi Police Manual 1 updated 2026-05-22,15,post-period structural reference,1.0,true
Khyala,Khyala,West,2026-05-22,,Delhi Police Manual 1 updated 2026-05-22,17,post-period structural reference,1.0,true
Lajpat Nagar,Lajpat Nagar,South East,2026-05-22,,Delhi Police Manual 1 updated 2026-05-22,15,post-period structural reference,1.0,true
MODEL TOWN,Model Town,North West,2026-05-22,,Delhi Police Manual 1 updated 2026-05-22,19,post-period structural reference,1.0,true
MOTI NAGAR,Moti Nagar,West,2026-05-22,,Delhi Police Manual 1 updated 2026-05-22,18,post-period structural reference,1.0,true
MUKHERJEE NAGAR,Mukherji Nagar,North West,2026-05-22,,Delhi Police Manual 1 updated 2026-05-22,19,post-period structural reference,1.0,true
Maherdra Park,Mahendra Park,North West,2026-05-22,,Delhi Police Manual 1 updated 2026-05-22,19,post-period structural reference,1.0,true
Maurya Enclave,Maurya Enclave,North West,2026-05-22,,Delhi Police Manual 1 updated 2026-05-22,19,post-period structural reference,1.0,true
Maya Puri,Mayapuri,West,2026-05-22,,Delhi Police Manual 1 updated 2026-05-22,17,post-period structural reference,1.0,true
Mundka,Mundka,Outer,2026-05-22,,Delhi Police Manual 1 updated 2026-05-22,18,post-period structural reference,1.0,true
NANGLOI,Nangloi,Outer,2026-05-22,,Delhi Police Manual 1 updated 2026-05-22,18,post-period structural reference,1.0,true
Naraina,Naraina,West,2026-05-22,,Delhi Police Manual 1 updated 2026-05-22,17,post-period structural reference,1.0,true
New Friends Colony,New Friends Colony,South East,2026-05-22,,Delhi Police Manual 1 updated 2026-05-22,15,post-period structural reference,1.0,true
Nihal Vihar,Nihal Vihar,Outer,2026-05-22,,Delhi Police Manual 1 updated 2026-05-22,18,post-period structural reference,1.0,true
Okhla Industrial Area,Okhla Industrial Area,South East,2026-05-22,,Delhi Police Manual 1 updated 2026-05-22,16,post-period structural reference,1.0,true
PATEL NAGAR,Patel Nagar,Central,2026-05-22,,Delhi Police Manual 1 updated 2026-05-22,21,post-period structural reference,1.0,true
PUNJABI BAGH,Punjabi Bagh,West,2026-05-22,,Delhi Police Manual 1 updated 2026-05-22,17,post-period structural reference,1.0,true
Pul Prahlad Pur,Pul Prahlad Pur,South East,2026-05-22,,Delhi Police Manual 1 updated 2026-05-22,16,post-period structural reference,1.0,true
RAJOURI GARDEN,Rajouri Garden,West,2026-05-22,,Delhi Police Manual 1 updated 2026-05-22,17,post-period structural reference,1.0,true
Ranhola,Ranhola,Outer,2026-05-22,,Delhi Police Manual 1 updated 2026-05-22,18,post-period structural reference,1.0,true
SHAHEEN BAGH,Shaheen Bagh,South East,2026-05-22,,Delhi Police Manual 1 updated 2026-05-22,15,post-period structural reference,1.0,true
SHALIMAR BAGH,Shalimar Bagh,North West,2026-05-22,,Delhi Police Manual 1 updated 2026-05-22,19,post-period structural reference,1.0,true
SUBHASH PLACE,Subhash Place,North West,2026-05-22,,Delhi Police Manual 1 updated 2026-05-22,19,post-period structural reference,1.0,true
Sarita Vihar,Sarita Vihar,South East,2026-05-22,,Delhi Police Manual 1 updated 2026-05-22,15,post-period structural reference,1.0,true
Sunlight Colony,Sunlight Colony,South East,2026-05-22,,Delhi Police Manual 1 updated 2026-05-22,15,post-period structural reference,1.0,true
TILAK NAGAR,Tilak Nagar,West,2026-05-22,,Delhi Police Manual 1 updated 2026-05-22,17,post-period structural reference,1.0,true
UTTAM NAGAR,Uttam Nagar,Dwarka,2026-05-22,,Delhi Police Manual 1 updated 2026-05-22,17,post-period structural reference,1.0,true
VIKASPURI,Vikas Puri,West,2026-05-22,,Delhi Police Manual 1 updated 2026-05-22,17,post-period structural reference,1.0,true
