source_id,agency,corporation,vend_name,address,licence_number,licence_type,status,valid_from,valid_to,snapshot_date,temporal_status,latitude,longitude,coordinate_source,coordinate_confidence,coordinate_is_approximate,geocode_review_status,source_file,source_page
dscsc_vends,Delhi State Civil Supplies Corporation,,YASHWANT PLACE,,,,,,,,unclear,,,,,,user_input_required,C:\Users\ayush\.codex\visualizations\2026\07\28\019fa905-89da-7be3-8b98-d25588b33e06\DelhiCrimeDashboard\tools\pipeline_2025\output\raw\dscsc_vends\liquor-vends-29fa946088f7,
dscsc_vends,Delhi State Civil Supplies Corporation,,NARAINA VIHAR,,,,,,,,unclear,,,,,,user_input_required,C:\Users\ayush\.codex\visualizations\2026\07\28\019fa905-89da-7be3-8b98-d25588b33e06\DelhiCrimeDashboard\tools\pipeline_2025\output\raw\dscsc_vends\liquor-vends-29fa946088f7,
dscsc_vends,Delhi State Civil Supplies Corporation,,SAKET,,,,,,,,unclear,,,,,,user_input_required,C:\Users\ayush\.codex\visualizations\2026\07\28\019fa905-89da-7be3-8b98-d25588b33e06\DelhiCrimeDashboard\tools\pipeline_2025\output\raw\dscsc_vends\liquor-vends-29fa946088f7,
dscsc_vends,Delhi State Civil Supplies Corporation,,LOK NAYAK BHAWAN,,,,,,,,unclear,,,,,,user_input_required,C:\Users\ayush\.codex\visualizations\2026\07\28\019fa905-89da-7be3-8b98-d25588b33e06\DelhiCrimeDashboard\tools\pipeline_2025\output\raw\dscsc_vends\liquor-vends-29fa946088f7,
dscsc_vends,Delhi State Civil Supplies Corporation,,G BLK CONNAUGHT PLACE,,,,,,,,unclear,,,,,,user_input_required,C:\Users\ayush\.codex\visualizations\2026\07\28\019fa905-89da-7be3-8b98-d25588b33e06\DelhiCrimeDashboard\tools\pipeline_2025\output\raw\dscsc_vends\liquor-vends-29fa946088f7,
dscsc_vends,Delhi State Civil Supplies Corporation,,MEENAKSHI GARADEN 112,,,,,,,,unclear,,,,,,user_input_required,C:\Users\ayush\.codex\visualizations\2026\07\28\019fa905-89da-7be3-8b98-d25588b33e06\DelhiCrimeDashboard\tools\pipeline_2025\output\raw\dscsc_vends\liquor-vends-29fa946088f7,
dscsc_vends,Delhi State Civil Supplies Corporation,,NIMRI COLONY,,,,,,,,unclear,,,,,,user_input_required,C:\Users\ayush\.codex\visualizations\2026\07\28\019fa905-89da-7be3-8b98-d25588b33e06\DelhiCrimeDashboard\tools\pipeline_2025\output\raw\dscsc_vends\liquor-vends-29fa946088f7,
dscsc_vends,Delhi State Civil Supplies Corporation,,MAYAPURI,,,,,,,,unclear,,,,,,user_input_required,C:\Users\ayush\.codex\visualizations\2026\07\28\019fa905-89da-7be3-8b98-d25588b33e06\DelhiCrimeDashboard\tools\pipeline_2025\output\raw\dscsc_vends\liquor-vends-29fa946088f7,
dscsc_vends,Delhi State Civil Supplies Corporation,,GAZIPUR,,,,,,,,unclear,,,,,,user_input_required,C:\Users\ayush\.codex\visualizations\2026\07\28\019fa905-89da-7be3-8b98-d25588b33e06\DelhiCrimeDashboard\tools\pipeline_2025\output\raw\dscsc_vends\liquor-vends-29fa946088f7,
dscsc_vends,Delhi State Civil Supplies Corporation,,"SANTGARH, TILAK NAGAR",,,,,,,,unclear,,,,,,user_input_required,C:\Users\ayush\.codex\visualizations\2026\07\28\019fa905-89da-7be3-8b98-d25588b33e06\DelhiCrimeDashboard\tools\pipeline_2025\output\raw\dscsc_vends\liquor-vends-29fa946088f7,
dscsc_vends,Delhi State Civil Supplies Corporation,,BODELLA VIKASPURI,,,,,,,,unclear,,,,,,user_input_required,C:\Users\ayush\.codex\visualizations\2026\07\28\019fa905-89da-7be3-8b98-d25588b33e06\DelhiCrimeDashboard\tools\pipeline_2025\output\raw\dscsc_vends\liquor-vends-29fa946088f7,
dscsc_vends,Delhi State Civil Supplies Corporation,,BHAJANPURA A1,,,,,,,,unclear,,,,,,user_input_required,C:\Users\ayush\.codex\visualizations\2026\07\28\019fa905-89da-7be3-8b98-d25588b33e06\DelhiCrimeDashboard\tools\pipeline_2025\output\raw\dscsc_vends\liquor-vends-29fa946088f7,
dscsc_vends,Delhi State Civil Supplies Corporation,,NARAINA IND AREA,,,,,,,,unclear,,,,,,user_input_required,C:\Users\ayush\.codex\visualizations\2026\07\28\019fa905-89da-7be3-8b98-d25588b33e06\DelhiCrimeDashboard\tools\pipeline_2025\output\raw\dscsc_vends\liquor-vends-29fa946088f7,
dscsc_vends,Delhi State Civil Supplies Corporation,,"ADITYA MEGA MALL, CBD",,,,,,,,unclear,,,,,,user_input_required,C:\Users\ayush\.codex\visualizations\2026\07\28\019fa905-89da-7be3-8b98-d25588b33e06\DelhiCrimeDashboard\tools\pipeline_2025\output\raw\dscsc_vends\liquor-vends-29fa946088f7,
dscsc_vends,Delhi State Civil Supplies Corporation,,KAKROLA MODE,,,,,,,,unclear,,,,,,user_input_required,C:\Users\ayush\.codex\visualizations\2026\07\28\019fa905-89da-7be3-8b98-d25588b33e06\DelhiCrimeDashboard\tools\pipeline_2025\output\raw\dscsc_vends\liquor-vends-29fa946088f7,
dscsc_vends,Delhi State Civil Supplies Corporation,,OKHLA,,,,,,,,unclear,,,,,,user_input_required,C:\Users\ayush\.codex\visualizations\2026\07\28\019fa905-89da-7be3-8b98-d25588b33e06\DelhiCrimeDashboard\tools\pipeline_2025\output\raw\dscsc_vends\liquor-vends-29fa946088f7,
dscsc_vends,Delhi State Civil Supplies Corporation,,EAST OF KAILASH,,,,,,,,unclear,,,,,,user_input_required,C:\Users\ayush\.codex\visualizations\2026\07\28\019fa905-89da-7be3-8b98-d25588b33e06\DelhiCrimeDashboard\tools\pipeline_2025\output\raw\dscsc_vends\liquor-vends-29fa946088f7,
dscsc_vends,Delhi State Civil Supplies Corporation,,GOVIND PURI,,,,,,,,unclear,,,,,,user_input_required,C:\Users\ayush\.codex\visualizations\2026\07\28\019fa905-89da-7be3-8b98-d25588b33e06\DelhiCrimeDashboard\tools\pipeline_2025\output\raw\dscsc_vends\liquor-vends-29fa946088f7,
dscsc_vends,Delhi State Civil Supplies Corporation,,R K PURAM,,,,,,,,unclear,,,,,,user_input_required,C:\Users\ayush\.codex\visualizations\2026\07\28\019fa905-89da-7be3-8b98-d25588b33e06\DelhiCrimeDashboard\tools\pipeline_2025\output\raw\dscsc_vends\liquor-vends-29fa946088f7,
dscsc_vends,Delhi State Civil Supplies Corporation,,ROHINI SECTOR-9,,,,,,,,unclear,,,,,,user_input_required,C:\Users\ayush\.codex\visualizations\2026\07\28\019fa905-89da-7be3-8b98-d25588b33e06\DelhiCrimeDashboard\tools\pipeline_2025\output\raw\dscsc_vends\liquor-vends-29fa946088f7,
dscsc_vends,Delhi State Civil Supplies Corporation,,AZADPUR,,,,,,,,unclear,,,,,,user_input_required,C:\Users\ayush\.codex\visualizations\2026\07\28\019fa905-89da-7be3-8b98-d25588b33e06\DelhiCrimeDashboard\tools\pipeline_2025\output\raw\dscsc_vends\liquor-vends-29fa946088f7,
dscsc_vends,Delhi State Civil Supplies Corporation,,ZAMRUDPUR,,,,,,,,unclear,,,,,,user_input_required,C:\Users\ayush\.codex\visualizations\2026\07\28\019fa905-89da-7be3-8b98-d25588b33e06\DelhiCrimeDashboard\tools\pipeline_2025\output\raw\dscsc_vends\liquor-vends-29fa946088f7,
dscsc_vends,Delhi State Civil Supplies Corporation,,JASOLA DLF TOWER,,,,,,,,unclear,,,,,,user_input_required,C:\Users\ayush\.codex\visualizations\2026\07\28\019fa905-89da-7be3-8b98-d25588b33e06\DelhiCrimeDashboard\tools\pipeline_2025\output\raw\dscsc_vends\liquor-vends-29fa946088f7,
dscsc_vends,Delhi State Civil Supplies Corporation,,D B G MARKET,,,,,,,,unclear,,,,,,user_input_required,C:\Users\ayush\.codex\visualizations\2026\07\28\019fa905-89da-7be3-8b98-d25588b33e06\DelhiCrimeDashboard\tools\pipeline_2025\output\raw\dscsc_vends\liquor-vends-29fa946088f7,
dscsc_vends,Delhi State Civil Supplies Corporation,,NAWADA,,,,,,,,unclear,,,,,,user_input_required,C:\Users\ayush\.codex\visualizations\2026\07\28\019fa905-89da-7be3-8b98-d25588b33e06\DelhiCrimeDashboard\tools\pipeline_2025\output\raw\dscsc_vends\liquor-vends-29fa946088f7,
dscsc_vends,Delhi State Civil Supplies Corporation,,T K D EXTN.,,,,,,,,unclear,,,,,,user_input_required,C:\Users\ayush\.codex\visualizations\2026\07\28\019fa905-89da-7be3-8b98-d25588b33e06\DelhiCrimeDashboard\tools\pipeline_2025\output\raw\dscsc_vends\liquor-vends-29fa946088f7,
dscsc_vends,Delhi State Civil Supplies Corporation,,MANGOL PURI,,,,,,,,unclear,,,,,,user_input_required,C:\Users\ayush\.codex\visualizations\2026\07\28\019fa905-89da-7be3-8b98-d25588b33e06\DelhiCrimeDashboard\tools\pipeline_2025\output\raw\dscsc_vends\liquor-vends-29fa946088f7,
dscsc_vends,Delhi State Civil Supplies Corporation,,JAHANGIR PURI,,,,,,,,unclear,,,,,,user_input_required,C:\Users\ayush\.codex\visualizations\2026\07\28\019fa905-89da-7be3-8b98-d25588b33e06\DelhiCrimeDashboard\tools\pipeline_2025\output\raw\dscsc_vends\liquor-vends-29fa946088f7,
dscsc_vends,Delhi State Civil Supplies Corporation,,ROHINI SECTOR-11,,,,,,,,unclear,,,,,,user_input_required,C:\Users\ayush\.codex\visualizations\2026\07\28\019fa905-89da-7be3-8b98-d25588b33e06\DelhiCrimeDashboard\tools\pipeline_2025\output\raw\dscsc_vends\liquor-vends-29fa946088f7,
dscsc_vends,Delhi State Civil Supplies Corporation,,SOUTH GAMRI BLOCK A,,,,,,,,unclear,,,,,,user_input_required,C:\Users\ayush\.codex\visualizations\2026\07\28\019fa905-89da-7be3-8b98-d25588b33e06\DelhiCrimeDashboard\tools\pipeline_2025\output\raw\dscsc_vends\liquor-vends-29fa946088f7,
dscsc_vends,Delhi State Civil Supplies Corporation,,BADARPUR,,,,,,,,unclear,,,,,,user_input_required,C:\Users\ayush\.codex\visualizations\2026\07\28\019fa905-89da-7be3-8b98-d25588b33e06\DelhiCrimeDashboard\tools\pipeline_2025\output\raw\dscsc_vends\liquor-vends-29fa946088f7,
dscsc_vends,Delhi State Civil Supplies Corporation,,MAJNU KA TILA,,,,,,,,unclear,,,,,,user_input_required,C:\Users\ayush\.codex\visualizations\2026\07\28\019fa905-89da-7be3-8b98-d25588b33e06\DelhiCrimeDashboard\tools\pipeline_2025\output\raw\dscsc_vends\liquor-vends-29fa946088f7,
dscsc_vends,Delhi State Civil Supplies Corporation,,"AZADPUR, GUPTA CORNER",,,,,,,,unclear,,,,,,user_input_required,C:\Users\ayush\.codex\visualizations\2026\07\28\019fa905-89da-7be3-8b98-d25588b33e06\DelhiCrimeDashboard\tools\pipeline_2025\output\raw\dscsc_vends\liquor-vends-29fa946088f7,
dscsc_vends,Delhi State Civil Supplies Corporation,,NEW USMANPUR,,,,,,,,unclear,,,,,,user_input_required,C:\Users\ayush\.codex\visualizations\2026\07\28\019fa905-89da-7be3-8b98-d25588b33e06\DelhiCrimeDashboard\tools\pipeline_2025\output\raw\dscsc_vends\liquor-vends-29fa946088f7,
dscsc_vends,Delhi State Civil Supplies Corporation,,NANGAL RAI,,,,,,,,unclear,,,,,,user_input_required,C:\Users\ayush\.codex\visualizations\2026\07\28\019fa905-89da-7be3-8b98-d25588b33e06\DelhiCrimeDashboard\tools\pipeline_2025\output\raw\dscsc_vends\liquor-vends-29fa946088f7,
dscsc_vends,Delhi State Civil Supplies Corporation,,MUNIRKA,,,,,,,,unclear,,,,,,user_input_required,C:\Users\ayush\.codex\visualizations\2026\07\28\019fa905-89da-7be3-8b98-d25588b33e06\DelhiCrimeDashboard\tools\pipeline_2025\output\raw\dscsc_vends\liquor-vends-29fa946088f7,
dscsc_vends,Delhi State Civil Supplies Corporation,,SHORA KOTHI,,,,,,,,unclear,,,,,,user_input_required,C:\Users\ayush\.codex\visualizations\2026\07\28\019fa905-89da-7be3-8b98-d25588b33e06\DelhiCrimeDashboard\tools\pipeline_2025\output\raw\dscsc_vends\liquor-vends-29fa946088f7,
dscsc_vends,Delhi State Civil Supplies Corporation,,MALKAGANJ,,,,,,,,unclear,,,,,,user_input_required,C:\Users\ayush\.codex\visualizations\2026\07\28\019fa905-89da-7be3-8b98-d25588b33e06\DelhiCrimeDashboard\tools\pipeline_2025\output\raw\dscsc_vends\liquor-vends-29fa946088f7,
dscsc_vends,Delhi State Civil Supplies Corporation,,ROHINI SECTOR-16,,,,,,,,unclear,,,,,,user_input_required,C:\Users\ayush\.codex\visualizations\2026\07\28\019fa905-89da-7be3-8b98-d25588b33e06\DelhiCrimeDashboard\tools\pipeline_2025\output\raw\dscsc_vends\liquor-vends-29fa946088f7,
dscsc_vends,Delhi State Civil Supplies Corporation,,PACIFIC MALL KP BLOCK,,,,,,,,unclear,,,,,,user_input_required,C:\Users\ayush\.codex\visualizations\2026\07\28\019fa905-89da-7be3-8b98-d25588b33e06\DelhiCrimeDashboard\tools\pipeline_2025\output\raw\dscsc_vends\liquor-vends-29fa946088f7,
dscsc_vends,Delhi State Civil Supplies Corporation,,MANDAWALI,,,,,,,,unclear,,,,,,user_input_required,C:\Users\ayush\.codex\visualizations\2026\07\28\019fa905-89da-7be3-8b98-d25588b33e06\DelhiCrimeDashboard\tools\pipeline_2025\output\raw\dscsc_vends\liquor-vends-29fa946088f7,
dscsc_vends,Delhi State Civil Supplies Corporation,,ROHINI SECTOR-8,,,,,,,,unclear,,,,,,user_input_required,C:\Users\ayush\.codex\visualizations\2026\07\28\019fa905-89da-7be3-8b98-d25588b33e06\DelhiCrimeDashboard\tools\pipeline_2025\output\raw\dscsc_vends\liquor-vends-29fa946088f7,
dscsc_vends,Delhi State Civil Supplies Corporation,,ROHINI SECTOR-4,,,,,,,,unclear,,,,,,user_input_required,C:\Users\ayush\.codex\visualizations\2026\07\28\019fa905-89da-7be3-8b98-d25588b33e06\DelhiCrimeDashboard\tools\pipeline_2025\output\raw\dscsc_vends\liquor-vends-29fa946088f7,
dscsc_vends,Delhi State Civil Supplies Corporation,,"BAWANA, SEC-3",,,,,,,,unclear,,,,,,user_input_required,C:\Users\ayush\.codex\visualizations\2026\07\28\019fa905-89da-7be3-8b98-d25588b33e06\DelhiCrimeDashboard\tools\pipeline_2025\output\raw\dscsc_vends\liquor-vends-29fa946088f7,
dscsc_vends,Delhi State Civil Supplies Corporation,,GREATER KAILASH -I,,,,,,,,unclear,,,,,,user_input_required,C:\Users\ayush\.codex\visualizations\2026\07\28\019fa905-89da-7be3-8b98-d25588b33e06\DelhiCrimeDashboard\tools\pipeline_2025\output\raw\dscsc_vends\liquor-vends-29fa946088f7,
dscsc_vends,Delhi State Civil Supplies Corporation,,"KALKAJI, KRISHNA MKT",,,,,,,,unclear,,,,,,user_input_required,C:\Users\ayush\.codex\visualizations\2026\07\28\019fa905-89da-7be3-8b98-d25588b33e06\DelhiCrimeDashboard\tools\pipeline_2025\output\raw\dscsc_vends\liquor-vends-29fa946088f7,
dscsc_vends,Delhi State Civil Supplies Corporation,,KRISHNA NAGAR A4/17,,,,,,,,unclear,,,,,,user_input_required,C:\Users\ayush\.codex\visualizations\2026\07\28\019fa905-89da-7be3-8b98-d25588b33e06\DelhiCrimeDashboard\tools\pipeline_2025\output\raw\dscsc_vends\liquor-vends-29fa946088f7,
dscsc_vends,Delhi State Civil Supplies Corporation,,SEEMA PURI,,,,,,,,unclear,,,,,,user_input_required,C:\Users\ayush\.codex\visualizations\2026\07\28\019fa905-89da-7be3-8b98-d25588b33e06\DelhiCrimeDashboard\tools\pipeline_2025\output\raw\dscsc_vends\liquor-vends-29fa946088f7,
dscsc_vends,Delhi State Civil Supplies Corporation,,DWARKA SEC 19,,,,,,,,unclear,,,,,,user_input_required,C:\Users\ayush\.codex\visualizations\2026\07\28\019fa905-89da-7be3-8b98-d25588b33e06\DelhiCrimeDashboard\tools\pipeline_2025\output\raw\dscsc_vends\liquor-vends-29fa946088f7,
dscsc_vends,Delhi State Civil Supplies Corporation,,SHAHZADABAGH,,,,,,,,unclear,,,,,,user_input_required,C:\Users\ayush\.codex\visualizations\2026\07\28\019fa905-89da-7be3-8b98-d25588b33e06\DelhiCrimeDashboard\tools\pipeline_2025\output\raw\dscsc_vends\liquor-vends-29fa946088f7,
dscsc_vends,Delhi State Civil Supplies Corporation,,VISHWAS NAGAR,,,,,,,,unclear,,,,,,user_input_required,C:\Users\ayush\.codex\visualizations\2026\07\28\019fa905-89da-7be3-8b98-d25588b33e06\DelhiCrimeDashboard\tools\pipeline_2025\output\raw\dscsc_vends\liquor-vends-29fa946088f7,
dscsc_vends,Delhi State Civil Supplies Corporation,,TRILOK PURI,,,,,,,,unclear,,,,,,user_input_required,C:\Users\ayush\.codex\visualizations\2026\07\28\019fa905-89da-7be3-8b98-d25588b33e06\DelhiCrimeDashboard\tools\pipeline_2025\output\raw\dscsc_vends\liquor-vends-29fa946088f7,
dscsc_vends,Delhi State Civil Supplies Corporation,,DILSHAD GARDEN B-BLK,,,,,,,,unclear,,,,,,user_input_required,C:\Users\ayush\.codex\visualizations\2026\07\28\019fa905-89da-7be3-8b98-d25588b33e06\DelhiCrimeDashboard\tools\pipeline_2025\output\raw\dscsc_vends\liquor-vends-29fa946088f7,
dscsc_vends,Delhi State Civil Supplies Corporation,,AVANTIKA,,,,,,,,unclear,,,,,,user_input_required,C:\Users\ayush\.codex\visualizations\2026\07\28\019fa905-89da-7be3-8b98-d25588b33e06\DelhiCrimeDashboard\tools\pipeline_2025\output\raw\dscsc_vends\liquor-vends-29fa946088f7,
dscsc_vends,Delhi State Civil Supplies Corporation,,DILSHAD GARDEN C-BLOCK,,,,,,,,unclear,,,,,,user_input_required,C:\Users\ayush\.codex\visualizations\2026\07\28\019fa905-89da-7be3-8b98-d25588b33e06\DelhiCrimeDashboard\tools\pipeline_2025\output\raw\dscsc_vends\liquor-vends-29fa946088f7,
dscsc_vends,Delhi State Civil Supplies Corporation,,ROHINI EXTN SECTOR-4,,,,,,,,unclear,,,,,,user_input_required,C:\Users\ayush\.codex\visualizations\2026\07\28\019fa905-89da-7be3-8b98-d25588b33e06\DelhiCrimeDashboard\tools\pipeline_2025\output\raw\dscsc_vends\liquor-vends-29fa946088f7,
dscsc_vends,Delhi State Civil Supplies Corporation,,NAND NAGRI,,,,,,,,unclear,,,,,,user_input_required,C:\Users\ayush\.codex\visualizations\2026\07\28\019fa905-89da-7be3-8b98-d25588b33e06\DelhiCrimeDashboard\tools\pipeline_2025\output\raw\dscsc_vends\liquor-vends-29fa946088f7,
dscsc_vends,Delhi State Civil Supplies Corporation,,GREEN PARK,,,,,,,,unclear,,,,,,user_input_required,C:\Users\ayush\.codex\visualizations\2026\07\28\019fa905-89da-7be3-8b98-d25588b33e06\DelhiCrimeDashboard\tools\pipeline_2025\output\raw\dscsc_vends\liquor-vends-29fa946088f7,
dscsc_vends,Delhi State Civil Supplies Corporation,,KARAMPURA,,,,,,,,unclear,,,,,,user_input_required,C:\Users\ayush\.codex\visualizations\2026\07\28\019fa905-89da-7be3-8b98-d25588b33e06\DelhiCrimeDashboard\tools\pipeline_2025\output\raw\dscsc_vends\liquor-vends-29fa946088f7,
dscsc_vends,Delhi State Civil Supplies Corporation,,LAJWANTI GARDEN,,,,,,,,unclear,,,,,,user_input_required,C:\Users\ayush\.codex\visualizations\2026\07\28\019fa905-89da-7be3-8b98-d25588b33e06\DelhiCrimeDashboard\tools\pipeline_2025\output\raw\dscsc_vends\liquor-vends-29fa946088f7,
dscsc_vends,Delhi State Civil Supplies Corporation,,KALKAJI B34,,,,,,,,unclear,,,,,,user_input_required,C:\Users\ayush\.codex\visualizations\2026\07\28\019fa905-89da-7be3-8b98-d25588b33e06\DelhiCrimeDashboard\tools\pipeline_2025\output\raw\dscsc_vends\liquor-vends-29fa946088f7,
dscsc_vends,Delhi State Civil Supplies Corporation,,LAWRANCE ROAD,,,,,,,,unclear,,,,,,user_input_required,C:\Users\ayush\.codex\visualizations\2026\07\28\019fa905-89da-7be3-8b98-d25588b33e06\DelhiCrimeDashboard\tools\pipeline_2025\output\raw\dscsc_vends\liquor-vends-29fa946088f7,
dscsc_vends,Delhi State Civil Supplies Corporation,,KHICHRI PUR,,,,,,,,unclear,,,,,,user_input_required,C:\Users\ayush\.codex\visualizations\2026\07\28\019fa905-89da-7be3-8b98-d25588b33e06\DelhiCrimeDashboard\tools\pipeline_2025\output\raw\dscsc_vends\liquor-vends-29fa946088f7,
dscsc_vends,Delhi State Civil Supplies Corporation,,G. B. ROAD,,,,,,,,unclear,,,,,,user_input_required,C:\Users\ayush\.codex\visualizations\2026\07\28\019fa905-89da-7be3-8b98-d25588b33e06\DelhiCrimeDashboard\tools\pipeline_2025\output\raw\dscsc_vends\liquor-vends-29fa946088f7,
dscsc_vends,Delhi State Civil Supplies Corporation,,"RAJ NAGAR-1, PALAM",,,,,,,,unclear,,,,,,user_input_required,C:\Users\ayush\.codex\visualizations\2026\07\28\019fa905-89da-7be3-8b98-d25588b33e06\DelhiCrimeDashboard\tools\pipeline_2025\output\raw\dscsc_vends\liquor-vends-29fa946088f7,
dscsc_vends,Delhi State Civil Supplies Corporation,,EAST OF KAILASH 37,,,,,,,,unclear,,,,,,user_input_required,C:\Users\ayush\.codex\visualizations\2026\07\28\019fa905-89da-7be3-8b98-d25588b33e06\DelhiCrimeDashboard\tools\pipeline_2025\output\raw\dscsc_vends\liquor-vends-29fa946088f7,
dscsc_vends,Delhi State Civil Supplies Corporation,,SINDHORA KALAN,,,,,,,,unclear,,,,,,user_input_required,C:\Users\ayush\.codex\visualizations\2026\07\28\019fa905-89da-7be3-8b98-d25588b33e06\DelhiCrimeDashboard\tools\pipeline_2025\output\raw\dscsc_vends\liquor-vends-29fa946088f7,
dscsc_vends,Delhi State Civil Supplies Corporation,,YUSUF SARAI MARKET,,,,,,,,unclear,,,,,,user_input_required,C:\Users\ayush\.codex\visualizations\2026\07\28\019fa905-89da-7be3-8b98-d25588b33e06\DelhiCrimeDashboard\tools\pipeline_2025\output\raw\dscsc_vends\liquor-vends-29fa946088f7,
dscsc_vends,Delhi State Civil Supplies Corporation,,SOUTH EXTN PART-1,,,,,,,,unclear,,,,,,user_input_required,C:\Users\ayush\.codex\visualizations\2026\07\28\019fa905-89da-7be3-8b98-d25588b33e06\DelhiCrimeDashboard\tools\pipeline_2025\output\raw\dscsc_vends\liquor-vends-29fa946088f7,
dscsc_vends,Delhi State Civil Supplies Corporation,,NARSINGH GARDEN,,,,,,,,unclear,,,,,,user_input_required,C:\Users\ayush\.codex\visualizations\2026\07\28\019fa905-89da-7be3-8b98-d25588b33e06\DelhiCrimeDashboard\tools\pipeline_2025\output\raw\dscsc_vends\liquor-vends-29fa946088f7,
dscsc_vends,Delhi State Civil Supplies Corporation,,"SOUTH GAMRI, BHAJAN PURA",,,,,,,,unclear,,,,,,user_input_required,C:\Users\ayush\.codex\visualizations\2026\07\28\019fa905-89da-7be3-8b98-d25588b33e06\DelhiCrimeDashboard\tools\pipeline_2025\output\raw\dscsc_vends\liquor-vends-29fa946088f7,
dscsc_vends,Delhi State Civil Supplies Corporation,,ASHOK NAGAR D517,,,,,,,,unclear,,,,,,user_input_required,C:\Users\ayush\.codex\visualizations\2026\07\28\019fa905-89da-7be3-8b98-d25588b33e06\DelhiCrimeDashboard\tools\pipeline_2025\output\raw\dscsc_vends\liquor-vends-29fa946088f7,
dscsc_vends,Delhi State Civil Supplies Corporation,,NATHU COLONY 48,,,,,,,,unclear,,,,,,user_input_required,C:\Users\ayush\.codex\visualizations\2026\07\28\019fa905-89da-7be3-8b98-d25588b33e06\DelhiCrimeDashboard\tools\pipeline_2025\output\raw\dscsc_vends\liquor-vends-29fa946088f7,
dscsc_vends,Delhi State Civil Supplies Corporation,,CHANDER LOK 711,,,,,,,,unclear,,,,,,user_input_required,C:\Users\ayush\.codex\visualizations\2026\07\28\019fa905-89da-7be3-8b98-d25588b33e06\DelhiCrimeDashboard\tools\pipeline_2025\output\raw\dscsc_vends\liquor-vends-29fa946088f7,
dscsc_vends,Delhi State Civil Supplies Corporation,,"MOHAN SINGH MARKET, INA 21",,,,,,,,unclear,,,,,,user_input_required,C:\Users\ayush\.codex\visualizations\2026\07\28\019fa905-89da-7be3-8b98-d25588b33e06\DelhiCrimeDashboard\tools\pipeline_2025\output\raw\dscsc_vends\liquor-vends-29fa946088f7,
dscsc_vends,Delhi State Civil Supplies Corporation,,"JANAKPURI, B BLOCK",,,,,,,,unclear,,,,,,user_input_required,C:\Users\ayush\.codex\visualizations\2026\07\28\019fa905-89da-7be3-8b98-d25588b33e06\DelhiCrimeDashboard\tools\pipeline_2025\output\raw\dscsc_vends\liquor-vends-29fa946088f7,
dscsc_vends,Delhi State Civil Supplies Corporation,,MANGOLPURI X1 X2,,,,,,,,unclear,,,,,,user_input_required,C:\Users\ayush\.codex\visualizations\2026\07\28\019fa905-89da-7be3-8b98-d25588b33e06\DelhiCrimeDashboard\tools\pipeline_2025\output\raw\dscsc_vends\liquor-vends-29fa946088f7,
dscsc_vends,Delhi State Civil Supplies Corporation,,MIRAJ CINEMA19,,,,,,,,unclear,,,,,,user_input_required,C:\Users\ayush\.codex\visualizations\2026\07\28\019fa905-89da-7be3-8b98-d25588b33e06\DelhiCrimeDashboard\tools\pipeline_2025\output\raw\dscsc_vends\liquor-vends-29fa946088f7,
dscsc_vends,Delhi State Civil Supplies Corporation,,CHAUKHANDI ROAD,,,,,,,,unclear,,,,,,user_input_required,C:\Users\ayush\.codex\visualizations\2026\07\28\019fa905-89da-7be3-8b98-d25588b33e06\DelhiCrimeDashboard\tools\pipeline_2025\output\raw\dscsc_vends\liquor-vends-29fa946088f7,
dscsc_vends,Delhi State Civil Supplies Corporation,,BALI NAGAR,,,,,,,,unclear,,,,,,user_input_required,C:\Users\ayush\.codex\visualizations\2026\07\28\019fa905-89da-7be3-8b98-d25588b33e06\DelhiCrimeDashboard\tools\pipeline_2025\output\raw\dscsc_vends\liquor-vends-29fa946088f7,
dscsc_vends,Delhi State Civil Supplies Corporation,,"KARTAR NAGAR, SHAHDARA",,,,,,,,unclear,,,,,,user_input_required,C:\Users\ayush\.codex\visualizations\2026\07\28\019fa905-89da-7be3-8b98-d25588b33e06\DelhiCrimeDashboard\tools\pipeline_2025\output\raw\dscsc_vends\liquor-vends-29fa946088f7,
dscsc_vends,Delhi State Civil Supplies Corporation,,"LONI ROAD, SHAHDARA",,,,,,,,unclear,,,,,,user_input_required,C:\Users\ayush\.codex\visualizations\2026\07\28\019fa905-89da-7be3-8b98-d25588b33e06\DelhiCrimeDashboard\tools\pipeline_2025\output\raw\dscsc_vends\liquor-vends-29fa946088f7,
dscsc_vends,Delhi State Civil Supplies Corporation,,MOHAN SINGH MARKET 169,,,,,,,,unclear,,,,,,user_input_required,C:\Users\ayush\.codex\visualizations\2026\07\28\019fa905-89da-7be3-8b98-d25588b33e06\DelhiCrimeDashboard\tools\pipeline_2025\output\raw\dscsc_vends\liquor-vends-29fa946088f7,
dscsc_vends,Delhi State Civil Supplies Corporation,,ROSHANARA ROAD,,,,,,,,unclear,,,,,,user_input_required,C:\Users\ayush\.codex\visualizations\2026\07\28\019fa905-89da-7be3-8b98-d25588b33e06\DelhiCrimeDashboard\tools\pipeline_2025\output\raw\dscsc_vends\liquor-vends-29fa946088f7,
dscsc_vends,Delhi State Civil Supplies Corporation,,"RBI COLONY,HAUZ KHAS",,,,,,,,unclear,,,,,,user_input_required,C:\Users\ayush\.codex\visualizations\2026\07\28\019fa905-89da-7be3-8b98-d25588b33e06\DelhiCrimeDashboard\tools\pipeline_2025\output\raw\dscsc_vends\liquor-vends-29fa946088f7,
dscsc_vends,Delhi State Civil Supplies Corporation,,GEETA COLONY,,,,,,,,unclear,,,,,,user_input_required,C:\Users\ayush\.codex\visualizations\2026\07\28\019fa905-89da-7be3-8b98-d25588b33e06\DelhiCrimeDashboard\tools\pipeline_2025\output\raw\dscsc_vends\liquor-vends-29fa946088f7,
dscsc_vends,Delhi State Civil Supplies Corporation,,SHANKAR GARDEN,,,,,,,,unclear,,,,,,user_input_required,C:\Users\ayush\.codex\visualizations\2026\07\28\019fa905-89da-7be3-8b98-d25588b33e06\DelhiCrimeDashboard\tools\pipeline_2025\output\raw\dscsc_vends\liquor-vends-29fa946088f7,
dscsc_vends,Delhi State Civil Supplies Corporation,,"BAKKARWALA, LOK NAYAK PURAM",,,,,,,,unclear,,,,,,user_input_required,C:\Users\ayush\.codex\visualizations\2026\07\28\019fa905-89da-7be3-8b98-d25588b33e06\DelhiCrimeDashboard\tools\pipeline_2025\output\raw\dscsc_vends\liquor-vends-29fa946088f7,
dscsc_vends,Delhi State Civil Supplies Corporation,,GURU NANAK PURA A65,,,,,,,,unclear,,,,,,user_input_required,C:\Users\ayush\.codex\visualizations\2026\07\28\019fa905-89da-7be3-8b98-d25588b33e06\DelhiCrimeDashboard\tools\pipeline_2025\output\raw\dscsc_vends\liquor-vends-29fa946088f7,
dscsc_vends,Delhi State Civil Supplies Corporation,,WEST END MALL 38,,,,,,,,unclear,,,,,,user_input_required,C:\Users\ayush\.codex\visualizations\2026\07\28\019fa905-89da-7be3-8b98-d25588b33e06\DelhiCrimeDashboard\tools\pipeline_2025\output\raw\dscsc_vends\liquor-vends-29fa946088f7,
dscsc_vends,Delhi State Civil Supplies Corporation,,WAZIRPUR,,,,,,,,unclear,,,,,,user_input_required,C:\Users\ayush\.codex\visualizations\2026\07\28\019fa905-89da-7be3-8b98-d25588b33e06\DelhiCrimeDashboard\tools\pipeline_2025\output\raw\dscsc_vends\liquor-vends-29fa946088f7,
dscsc_vends,Delhi State Civil Supplies Corporation,,EAST PUNJABI BAGH,,,,,,,,unclear,,,,,,user_input_required,C:\Users\ayush\.codex\visualizations\2026\07\28\019fa905-89da-7be3-8b98-d25588b33e06\DelhiCrimeDashboard\tools\pipeline_2025\output\raw\dscsc_vends\liquor-vends-29fa946088f7,
dscsc_vends,Delhi State Civil Supplies Corporation,,"GOVIND PURI, 24",,,,,,,,unclear,,,,,,user_input_required,C:\Users\ayush\.codex\visualizations\2026\07\28\019fa905-89da-7be3-8b98-d25588b33e06\DelhiCrimeDashboard\tools\pipeline_2025\output\raw\dscsc_vends\liquor-vends-29fa946088f7,
dscsc_vends,Delhi State Civil Supplies Corporation,,"METROPLEX EAST MALL, LAXMI NAGAR",,,,,,,,unclear,,,,,,user_input_required,C:\Users\ayush\.codex\visualizations\2026\07\28\019fa905-89da-7be3-8b98-d25588b33e06\DelhiCrimeDashboard\tools\pipeline_2025\output\raw\dscsc_vends\liquor-vends-29fa946088f7,
dscsc_vends,Delhi State Civil Supplies Corporation,,"GOPAL HEIGHTS, NSP",,,,,,,,unclear,,,,,,user_input_required,C:\Users\ayush\.codex\visualizations\2026\07\28\019fa905-89da-7be3-8b98-d25588b33e06\DelhiCrimeDashboard\tools\pipeline_2025\output\raw\dscsc_vends\liquor-vends-29fa946088f7,
dscsc_vends,Delhi State Civil Supplies Corporation,,TIS HAZARI METRO STN.,,,,,,,,unclear,,,,,,user_input_required,C:\Users\ayush\.codex\visualizations\2026\07\28\019fa905-89da-7be3-8b98-d25588b33e06\DelhiCrimeDashboard\tools\pipeline_2025\output\raw\dscsc_vends\liquor-vends-29fa946088f7,
dscsc_vends,Delhi State Civil Supplies Corporation,,"JHILMIL, TAHIRPUR",,,,,,,,unclear,,,,,,user_input_required,C:\Users\ayush\.codex\visualizations\2026\07\28\019fa905-89da-7be3-8b98-d25588b33e06\DelhiCrimeDashboard\tools\pipeline_2025\output\raw\dscsc_vends\liquor-vends-29fa946088f7,
dscsc_vends,Delhi State Civil Supplies Corporation,,"WAZIRABAD ROAD, BHAJANPURA",,,,,,,,unclear,,,,,,user_input_required,C:\Users\ayush\.codex\visualizations\2026\07\28\019fa905-89da-7be3-8b98-d25588b33e06\DelhiCrimeDashboard\tools\pipeline_2025\output\raw\dscsc_vends\liquor-vends-29fa946088f7,
dscsc_vends,Delhi State Civil Supplies Corporation,,HARI NAGAR,,,,,,,,unclear,,,,,,user_input_required,C:\Users\ayush\.codex\visualizations\2026\07\28\019fa905-89da-7be3-8b98-d25588b33e06\DelhiCrimeDashboard\tools\pipeline_2025\output\raw\dscsc_vends\liquor-vends-29fa946088f7,
dscsc_vends,Delhi State Civil Supplies Corporation,,DWARKA SECTOR - 17,,,,,,,,unclear,,,,,,user_input_required,C:\Users\ayush\.codex\visualizations\2026\07\28\019fa905-89da-7be3-8b98-d25588b33e06\DelhiCrimeDashboard\tools\pipeline_2025\output\raw\dscsc_vends\liquor-vends-29fa946088f7,
dscsc_vends,Delhi State Civil Supplies Corporation,,"ROSHANPURA, NAJAFGARH",,,,,,,,unclear,,,,,,user_input_required,C:\Users\ayush\.codex\visualizations\2026\07\28\019fa905-89da-7be3-8b98-d25588b33e06\DelhiCrimeDashboard\tools\pipeline_2025\output\raw\dscsc_vends\liquor-vends-29fa946088f7,
dscsc_vends,Delhi State Civil Supplies Corporation,,"KRISHNA NAGAR, GHONDLI",,,,,,,,unclear,,,,,,user_input_required,C:\Users\ayush\.codex\visualizations\2026\07\28\019fa905-89da-7be3-8b98-d25588b33e06\DelhiCrimeDashboard\tools\pipeline_2025\output\raw\dscsc_vends\liquor-vends-29fa946088f7,
dscsc_vends,Delhi State Civil Supplies Corporation,,"LAXMI NAGAR, BLOCK-E",,,,,,,,unclear,,,,,,user_input_required,C:\Users\ayush\.codex\visualizations\2026\07\28\019fa905-89da-7be3-8b98-d25588b33e06\DelhiCrimeDashboard\tools\pipeline_2025\output\raw\dscsc_vends\liquor-vends-29fa946088f7,
dscsc_vends,Delhi State Civil Supplies Corporation,,SHAKARPUR A115,,,,,,,,unclear,,,,,,user_input_required,C:\Users\ayush\.codex\visualizations\2026\07\28\019fa905-89da-7be3-8b98-d25588b33e06\DelhiCrimeDashboard\tools\pipeline_2025\output\raw\dscsc_vends\liquor-vends-29fa946088f7,
dscsc_vends,Delhi State Civil Supplies Corporation,,"SIRASPUR, GURUDWARA RD.",,,,,,,,unclear,,,,,,user_input_required,C:\Users\ayush\.codex\visualizations\2026\07\28\019fa905-89da-7be3-8b98-d25588b33e06\DelhiCrimeDashboard\tools\pipeline_2025\output\raw\dscsc_vends\liquor-vends-29fa946088f7,
dscsc_vends,Delhi State Civil Supplies Corporation,,RAM NAGAR 110,,,,,,,,unclear,,,,,,user_input_required,C:\Users\ayush\.codex\visualizations\2026\07\28\019fa905-89da-7be3-8b98-d25588b33e06\DelhiCrimeDashboard\tools\pipeline_2025\output\raw\dscsc_vends\liquor-vends-29fa946088f7,
dscsc_vends,Delhi State Civil Supplies Corporation,,SATNAM PARK,,,,,,,,unclear,,,,,,user_input_required,C:\Users\ayush\.codex\visualizations\2026\07\28\019fa905-89da-7be3-8b98-d25588b33e06\DelhiCrimeDashboard\tools\pipeline_2025\output\raw\dscsc_vends\liquor-vends-29fa946088f7,
dscsc_vends,Delhi State Civil Supplies Corporation,,B BLK HASTSAL,,,,,,,,unclear,,,,,,user_input_required,C:\Users\ayush\.codex\visualizations\2026\07\28\019fa905-89da-7be3-8b98-d25588b33e06\DelhiCrimeDashboard\tools\pipeline_2025\output\raw\dscsc_vends\liquor-vends-29fa946088f7,
dscsc_vends,Delhi State Civil Supplies Corporation,,ASHOK VIHAR 34,,,,,,,,unclear,,,,,,user_input_required,C:\Users\ayush\.codex\visualizations\2026\07\28\019fa905-89da-7be3-8b98-d25588b33e06\DelhiCrimeDashboard\tools\pipeline_2025\output\raw\dscsc_vends\liquor-vends-29fa946088f7,
dscsc_vends,Delhi State Civil Supplies Corporation,,SULTANPUR MAJRA,,,,,,,,unclear,,,,,,user_input_required,C:\Users\ayush\.codex\visualizations\2026\07\28\019fa905-89da-7be3-8b98-d25588b33e06\DelhiCrimeDashboard\tools\pipeline_2025\output\raw\dscsc_vends\liquor-vends-29fa946088f7,
dscsc_vends,Delhi State Civil Supplies Corporation,,PUNJABI BAGH ENCLAVE,,,,,,,,unclear,,,,,,user_input_required,C:\Users\ayush\.codex\visualizations\2026\07\28\019fa905-89da-7be3-8b98-d25588b33e06\DelhiCrimeDashboard\tools\pipeline_2025\output\raw\dscsc_vends\liquor-vends-29fa946088f7,
dscsc_vends,Delhi State Civil Supplies Corporation,,"VIKASPURI, PRATIBHA TOWER",,,,,,,,unclear,,,,,,user_input_required,C:\Users\ayush\.codex\visualizations\2026\07\28\019fa905-89da-7be3-8b98-d25588b33e06\DelhiCrimeDashboard\tools\pipeline_2025\output\raw\dscsc_vends\liquor-vends-29fa946088f7,
dscsc_vends,Delhi State Civil Supplies Corporation,,RAJENDRA PLACE,,,,,,,,unclear,,,,,,user_input_required,C:\Users\ayush\.codex\visualizations\2026\07\28\019fa905-89da-7be3-8b98-d25588b33e06\DelhiCrimeDashboard\tools\pipeline_2025\output\raw\dscsc_vends\liquor-vends-29fa946088f7,
dscsc_vends,Delhi State Civil Supplies Corporation,,PITAMPURA QD,,,,,,,,unclear,,,,,,user_input_required,C:\Users\ayush\.codex\visualizations\2026\07\28\019fa905-89da-7be3-8b98-d25588b33e06\DelhiCrimeDashboard\tools\pipeline_2025\output\raw\dscsc_vends\liquor-vends-29fa946088f7,
dscsc_vends,Delhi State Civil Supplies Corporation,,MANGOL PURI PHASE 2,,,,,,,,unclear,,,,,,user_input_required,C:\Users\ayush\.codex\visualizations\2026\07\28\019fa905-89da-7be3-8b98-d25588b33e06\DelhiCrimeDashboard\tools\pipeline_2025\output\raw\dscsc_vends\liquor-vends-29fa946088f7,
dscsc_vends,Delhi State Civil Supplies Corporation,,SHIVPURI,,,,,,,,unclear,,,,,,user_input_required,C:\Users\ayush\.codex\visualizations\2026\07\28\019fa905-89da-7be3-8b98-d25588b33e06\DelhiCrimeDashboard\tools\pipeline_2025\output\raw\dscsc_vends\liquor-vends-29fa946088f7,
dscsc_vends,Delhi State Civil Supplies Corporation,,SANJAY GANDHI TPT NAGAR,,,,,,,,unclear,,,,,,user_input_required,C:\Users\ayush\.codex\visualizations\2026\07\28\019fa905-89da-7be3-8b98-d25588b33e06\DelhiCrimeDashboard\tools\pipeline_2025\output\raw\dscsc_vends\liquor-vends-29fa946088f7,
dscsc_vends,Delhi State Civil Supplies Corporation,,MAYAPURI S2,,,,,,,,unclear,,,,,,user_input_required,C:\Users\ayush\.codex\visualizations\2026\07\28\019fa905-89da-7be3-8b98-d25588b33e06\DelhiCrimeDashboard\tools\pipeline_2025\output\raw\dscsc_vends\liquor-vends-29fa946088f7,
dscsc_vends,Delhi State Civil Supplies Corporation,,MANGOL PURI A-27,,,,,,,,unclear,,,,,,user_input_required,C:\Users\ayush\.codex\visualizations\2026\07\28\019fa905-89da-7be3-8b98-d25588b33e06\DelhiCrimeDashboard\tools\pipeline_2025\output\raw\dscsc_vends\liquor-vends-29fa946088f7,
dscsc_vends,Delhi State Civil Supplies Corporation,,PEERA GARHI,,,,,,,,unclear,,,,,,user_input_required,C:\Users\ayush\.codex\visualizations\2026\07\28\019fa905-89da-7be3-8b98-d25588b33e06\DelhiCrimeDashboard\tools\pipeline_2025\output\raw\dscsc_vends\liquor-vends-29fa946088f7,
dscsc_vends,Delhi State Civil Supplies Corporation,,ROHINI SECTOR-20,,,,,,,,unclear,,,,,,user_input_required,C:\Users\ayush\.codex\visualizations\2026\07\28\019fa905-89da-7be3-8b98-d25588b33e06\DelhiCrimeDashboard\tools\pipeline_2025\output\raw\dscsc_vends\liquor-vends-29fa946088f7,
dscsc_vends,Delhi State Civil Supplies Corporation,,PASCHIM VIHAR,,,,,,,,unclear,,,,,,user_input_required,C:\Users\ayush\.codex\visualizations\2026\07\28\019fa905-89da-7be3-8b98-d25588b33e06\DelhiCrimeDashboard\tools\pipeline_2025\output\raw\dscsc_vends\liquor-vends-29fa946088f7,
dscsc_vends,Delhi State Civil Supplies Corporation,,DURGA COMPLEX,,,,,,,,unclear,,,,,,user_input_required,C:\Users\ayush\.codex\visualizations\2026\07\28\019fa905-89da-7be3-8b98-d25588b33e06\DelhiCrimeDashboard\tools\pipeline_2025\output\raw\dscsc_vends\liquor-vends-29fa946088f7,
dscsc_vends,Delhi State Civil Supplies Corporation,,TAGORE MARKET,,,,,,,,unclear,,,,,,user_input_required,C:\Users\ayush\.codex\visualizations\2026\07\28\019fa905-89da-7be3-8b98-d25588b33e06\DelhiCrimeDashboard\tools\pipeline_2025\output\raw\dscsc_vends\liquor-vends-29fa946088f7,
dscsc_vends,Delhi State Civil Supplies Corporation,,KASHMERE GATE,,,,,,,,unclear,,,,,,user_input_required,C:\Users\ayush\.codex\visualizations\2026\07\28\019fa905-89da-7be3-8b98-d25588b33e06\DelhiCrimeDashboard\tools\pipeline_2025\output\raw\dscsc_vends\liquor-vends-29fa946088f7,
dscsc_vends,Delhi State Civil Supplies Corporation,,KANTI NAGAR EXTN.,,,,,,,,unclear,,,,,,user_input_required,C:\Users\ayush\.codex\visualizations\2026\07\28\019fa905-89da-7be3-8b98-d25588b33e06\DelhiCrimeDashboard\tools\pipeline_2025\output\raw\dscsc_vends\liquor-vends-29fa946088f7,
dscsc_vends,Delhi State Civil Supplies Corporation,,BINDAPUR,,,,,,,,unclear,,,,,,user_input_required,C:\Users\ayush\.codex\visualizations\2026\07\28\019fa905-89da-7be3-8b98-d25588b33e06\DelhiCrimeDashboard\tools\pipeline_2025\output\raw\dscsc_vends\liquor-vends-29fa946088f7,
dscsc_vends,Delhi State Civil Supplies Corporation,,JWALAPURI,,,,,,,,unclear,,,,,,user_input_required,C:\Users\ayush\.codex\visualizations\2026\07\28\019fa905-89da-7be3-8b98-d25588b33e06\DelhiCrimeDashboard\tools\pipeline_2025\output\raw\dscsc_vends\liquor-vends-29fa946088f7,
dscsc_vends,Delhi State Civil Supplies Corporation,,KAMLA MARKET,,,,,,,,unclear,,,,,,user_input_required,C:\Users\ayush\.codex\visualizations\2026\07\28\019fa905-89da-7be3-8b98-d25588b33e06\DelhiCrimeDashboard\tools\pipeline_2025\output\raw\dscsc_vends\liquor-vends-29fa946088f7,
dscsc_vends,Delhi State Civil Supplies Corporation,,MAHIPALPUR E-14,,,,,,,,unclear,,,,,,user_input_required,C:\Users\ayush\.codex\visualizations\2026\07\28\019fa905-89da-7be3-8b98-d25588b33e06\DelhiCrimeDashboard\tools\pipeline_2025\output\raw\dscsc_vends\liquor-vends-29fa946088f7,
dscsc_vends,Delhi State Civil Supplies Corporation,,ROHTAK ROAD,,,,,,,,unclear,,,,,,user_input_required,C:\Users\ayush\.codex\visualizations\2026\07\28\019fa905-89da-7be3-8b98-d25588b33e06\DelhiCrimeDashboard\tools\pipeline_2025\output\raw\dscsc_vends\liquor-vends-29fa946088f7,
dscsc_vends,Delhi State Civil Supplies Corporation,,OLD RAJINDER NAGAR,,,,,,,,unclear,,,,,,user_input_required,C:\Users\ayush\.codex\visualizations\2026\07\28\019fa905-89da-7be3-8b98-d25588b33e06\DelhiCrimeDashboard\tools\pipeline_2025\output\raw\dscsc_vends\liquor-vends-29fa946088f7,
dscsc_vends,Delhi State Civil Supplies Corporation,,JASOLA VIHAR 17-18,,,,,,,,unclear,,,,,,user_input_required,C:\Users\ayush\.codex\visualizations\2026\07\28\019fa905-89da-7be3-8b98-d25588b33e06\DelhiCrimeDashboard\tools\pipeline_2025\output\raw\dscsc_vends\liquor-vends-29fa946088f7,
dscsc_vends,Delhi State Civil Supplies Corporation,,RAJOURI GARDEN,,,,,,,,unclear,,,,,,user_input_required,C:\Users\ayush\.codex\visualizations\2026\07\28\019fa905-89da-7be3-8b98-d25588b33e06\DelhiCrimeDashboard\tools\pipeline_2025\output\raw\dscsc_vends\liquor-vends-29fa946088f7,
dscsc_vends,Delhi State Civil Supplies Corporation,,SHIV NAGAR,,,,,,,,unclear,,,,,,user_input_required,C:\Users\ayush\.codex\visualizations\2026\07\28\019fa905-89da-7be3-8b98-d25588b33e06\DelhiCrimeDashboard\tools\pipeline_2025\output\raw\dscsc_vends\liquor-vends-29fa946088f7,
dscsc_vends,Delhi State Civil Supplies Corporation,,PRASHANT VIHAR,,,,,,,,unclear,,,,,,user_input_required,C:\Users\ayush\.codex\visualizations\2026\07\28\019fa905-89da-7be3-8b98-d25588b33e06\DelhiCrimeDashboard\tools\pipeline_2025\output\raw\dscsc_vends\liquor-vends-29fa946088f7,
dscsc_vends,Delhi State Civil Supplies Corporation,,VIKAS BHAWAN,,,,,,,,unclear,,,,,,user_input_required,C:\Users\ayush\.codex\visualizations\2026\07\28\019fa905-89da-7be3-8b98-d25588b33e06\DelhiCrimeDashboard\tools\pipeline_2025\output\raw\dscsc_vends\liquor-vends-29fa946088f7,
dscsc_vends,Delhi State Civil Supplies Corporation,,ROHINI SECTOR-19,,,,,,,,unclear,,,,,,user_input_required,C:\Users\ayush\.codex\visualizations\2026\07\28\019fa905-89da-7be3-8b98-d25588b33e06\DelhiCrimeDashboard\tools\pipeline_2025\output\raw\dscsc_vends\liquor-vends-29fa946088f7,
dscsc_vends,Delhi State Civil Supplies Corporation,,VASANT KUNJ,,,,,,,,unclear,,,,,,user_input_required,C:\Users\ayush\.codex\visualizations\2026\07\28\019fa905-89da-7be3-8b98-d25588b33e06\DelhiCrimeDashboard\tools\pipeline_2025\output\raw\dscsc_vends\liquor-vends-29fa946088f7,
dscsc_vends,Delhi State Civil Supplies Corporation,,KALYANPURI,,,,,,,,unclear,,,,,,user_input_required,C:\Users\ayush\.codex\visualizations\2026\07\28\019fa905-89da-7be3-8b98-d25588b33e06\DelhiCrimeDashboard\tools\pipeline_2025\output\raw\dscsc_vends\liquor-vends-29fa946088f7,
dscsc_vends,Delhi State Civil Supplies Corporation,,ROHINI SECTOR-21,,,,,,,,unclear,,,,,,user_input_required,C:\Users\ayush\.codex\visualizations\2026\07\28\019fa905-89da-7be3-8b98-d25588b33e06\DelhiCrimeDashboard\tools\pipeline_2025\output\raw\dscsc_vends\liquor-vends-29fa946088f7,
dscsc_vends,Delhi State Civil Supplies Corporation,,DWARKA SEC-5,,,,,,,,unclear,,,,,,user_input_required,C:\Users\ayush\.codex\visualizations\2026\07\28\019fa905-89da-7be3-8b98-d25588b33e06\DelhiCrimeDashboard\tools\pipeline_2025\output\raw\dscsc_vends\liquor-vends-29fa946088f7,
dscsc_vends,Delhi State Civil Supplies Corporation,,BHIKAJI CAMA PLACE,,,,,,,,unclear,,,,,,user_input_required,C:\Users\ayush\.codex\visualizations\2026\07\28\019fa905-89da-7be3-8b98-d25588b33e06\DelhiCrimeDashboard\tools\pipeline_2025\output\raw\dscsc_vends\liquor-vends-29fa946088f7,
dscsc_vends,Delhi State Civil Supplies Corporation,,KALU SARAI,,,,,,,,unclear,,,,,,user_input_required,C:\Users\ayush\.codex\visualizations\2026\07\28\019fa905-89da-7be3-8b98-d25588b33e06\DelhiCrimeDashboard\tools\pipeline_2025\output\raw\dscsc_vends\liquor-vends-29fa946088f7,
dscsc_vends,Delhi State Civil Supplies Corporation,,UTTAM NAGAR,,,,,,,,unclear,,,,,,user_input_required,C:\Users\ayush\.codex\visualizations\2026\07\28\019fa905-89da-7be3-8b98-d25588b33e06\DelhiCrimeDashboard\tools\pipeline_2025\output\raw\dscsc_vends\liquor-vends-29fa946088f7,
dscsc_vends,Delhi State Civil Supplies Corporation,,DEVLI ROAD,,,,,,,,unclear,,,,,,user_input_required,C:\Users\ayush\.codex\visualizations\2026\07\28\019fa905-89da-7be3-8b98-d25588b33e06\DelhiCrimeDashboard\tools\pipeline_2025\output\raw\dscsc_vends\liquor-vends-29fa946088f7,
dscsc_vends,Delhi State Civil Supplies Corporation,,"SULTANPURI, JJ COLONY",,,,,,,,unclear,,,,,,user_input_required,C:\Users\ayush\.codex\visualizations\2026\07\28\019fa905-89da-7be3-8b98-d25588b33e06\DelhiCrimeDashboard\tools\pipeline_2025\output\raw\dscsc_vends\liquor-vends-29fa946088f7,
dscsc_vends,Delhi State Civil Supplies Corporation,,SHASTRI PARK,,,,,,,,unclear,,,,,,user_input_required,C:\Users\ayush\.codex\visualizations\2026\07\28\019fa905-89da-7be3-8b98-d25588b33e06\DelhiCrimeDashboard\tools\pipeline_2025\output\raw\dscsc_vends\liquor-vends-29fa946088f7,
dscsc_vends,Delhi State Civil Supplies Corporation,,SWAROOP NAGAR,,,,,,,,unclear,,,,,,user_input_required,C:\Users\ayush\.codex\visualizations\2026\07\28\019fa905-89da-7be3-8b98-d25588b33e06\DelhiCrimeDashboard\tools\pipeline_2025\output\raw\dscsc_vends\liquor-vends-29fa946088f7,
dscsc_vends,Delhi State Civil Supplies Corporation,,"MANDOLI, SHAHDARA",,,,,,,,unclear,,,,,,user_input_required,C:\Users\ayush\.codex\visualizations\2026\07\28\019fa905-89da-7be3-8b98-d25588b33e06\DelhiCrimeDashboard\tools\pipeline_2025\output\raw\dscsc_vends\liquor-vends-29fa946088f7,
dscsc_vends,Delhi State Civil Supplies Corporation,,CHILLA DALLUPURA,,,,,,,,unclear,,,,,,user_input_required,C:\Users\ayush\.codex\visualizations\2026\07\28\019fa905-89da-7be3-8b98-d25588b33e06\DelhiCrimeDashboard\tools\pipeline_2025\output\raw\dscsc_vends\liquor-vends-29fa946088f7,
dscsc_vends,Delhi State Civil Supplies Corporation,,MOTIA KHAN,,,,,,,,unclear,,,,,,user_input_required,C:\Users\ayush\.codex\visualizations\2026\07\28\019fa905-89da-7be3-8b98-d25588b33e06\DelhiCrimeDashboard\tools\pipeline_2025\output\raw\dscsc_vends\liquor-vends-29fa946088f7,
dscsc_vends,Delhi State Civil Supplies Corporation,,GAMRI EXTN.,,,,,,,,unclear,,,,,,user_input_required,C:\Users\ayush\.codex\visualizations\2026\07\28\019fa905-89da-7be3-8b98-d25588b33e06\DelhiCrimeDashboard\tools\pipeline_2025\output\raw\dscsc_vends\liquor-vends-29fa946088f7,
dscsc_vends,Delhi State Civil Supplies Corporation,,MUNDKA 6315,,,,,,,,unclear,,,,,,user_input_required,C:\Users\ayush\.codex\visualizations\2026\07\28\019fa905-89da-7be3-8b98-d25588b33e06\DelhiCrimeDashboard\tools\pipeline_2025\output\raw\dscsc_vends\liquor-vends-29fa946088f7,
dscsc_vends,Delhi State Civil Supplies Corporation,,MADANGIR,,,,,,,,unclear,,,,,,user_input_required,C:\Users\ayush\.codex\visualizations\2026\07\28\019fa905-89da-7be3-8b98-d25588b33e06\DelhiCrimeDashboard\tools\pipeline_2025\output\raw\dscsc_vends\liquor-vends-29fa946088f7,
dscsc_vends,Delhi State Civil Supplies Corporation,,MEHARCHAND MARKET,,,,,,,,unclear,,,,,,user_input_required,C:\Users\ayush\.codex\visualizations\2026\07\28\019fa905-89da-7be3-8b98-d25588b33e06\DelhiCrimeDashboard\tools\pipeline_2025\output\raw\dscsc_vends\liquor-vends-29fa946088f7,
dscsc_vends,Delhi State Civil Supplies Corporation,,"KD BLOCK, PITAMPURA",,,,,,,,unclear,,,,,,user_input_required,C:\Users\ayush\.codex\visualizations\2026\07\28\019fa905-89da-7be3-8b98-d25588b33e06\DelhiCrimeDashboard\tools\pipeline_2025\output\raw\dscsc_vends\liquor-vends-29fa946088f7,
dscsc_vends,Delhi State Civil Supplies Corporation,,GOKULPURI,,,,,,,,unclear,,,,,,user_input_required,C:\Users\ayush\.codex\visualizations\2026\07\28\019fa905-89da-7be3-8b98-d25588b33e06\DelhiCrimeDashboard\tools\pipeline_2025\output\raw\dscsc_vends\liquor-vends-29fa946088f7,
dscsc_vends,Delhi State Civil Supplies Corporation,,CHATTARPUR,,,,,,,,unclear,,,,,,user_input_required,C:\Users\ayush\.codex\visualizations\2026\07\28\019fa905-89da-7be3-8b98-d25588b33e06\DelhiCrimeDashboard\tools\pipeline_2025\output\raw\dscsc_vends\liquor-vends-29fa946088f7,
dscsc_vends,Delhi State Civil Supplies Corporation,,NEW SEELAMPUR,,,,,,,,unclear,,,,,,user_input_required,C:\Users\ayush\.codex\visualizations\2026\07\28\019fa905-89da-7be3-8b98-d25588b33e06\DelhiCrimeDashboard\tools\pipeline_2025\output\raw\dscsc_vends\liquor-vends-29fa946088f7,
dscsc_vends,Delhi State Civil Supplies Corporation,,BHAGIRATH PALACE,,,,,,,,unclear,,,,,,user_input_required,C:\Users\ayush\.codex\visualizations\2026\07\28\019fa905-89da-7be3-8b98-d25588b33e06\DelhiCrimeDashboard\tools\pipeline_2025\output\raw\dscsc_vends\liquor-vends-29fa946088f7,
dscsc_vends,Delhi State Civil Supplies Corporation,,DHAULA KUAN,,,,,,,,unclear,,,,,,user_input_required,C:\Users\ayush\.codex\visualizations\2026\07\28\019fa905-89da-7be3-8b98-d25588b33e06\DelhiCrimeDashboard\tools\pipeline_2025\output\raw\dscsc_vends\liquor-vends-29fa946088f7,
dscsc_vends,Delhi State Civil Supplies Corporation,,"T BLK, MANGOLPURI",,,,,,,,unclear,,,,,,user_input_required,C:\Users\ayush\.codex\visualizations\2026\07\28\019fa905-89da-7be3-8b98-d25588b33e06\DelhiCrimeDashboard\tools\pipeline_2025\output\raw\dscsc_vends\liquor-vends-29fa946088f7,
dscsc_vends,Delhi State Civil Supplies Corporation,,D-5 MAYAPURI,,,,,,,,unclear,,,,,,user_input_required,C:\Users\ayush\.codex\visualizations\2026\07\28\019fa905-89da-7be3-8b98-d25588b33e06\DelhiCrimeDashboard\tools\pipeline_2025\output\raw\dscsc_vends\liquor-vends-29fa946088f7,
dscsc_vends,Delhi State Civil Supplies Corporation,,"TDI MALL, RAJOURI",,,,,,,,unclear,,,,,,user_input_required,C:\Users\ayush\.codex\visualizations\2026\07\28\019fa905-89da-7be3-8b98-d25588b33e06\DelhiCrimeDashboard\tools\pipeline_2025\output\raw\dscsc_vends\liquor-vends-29fa946088f7,
dscsc_vends,Delhi State Civil Supplies Corporation,,LAJPAT NAGAR,,,,,,,,unclear,,,,,,user_input_required,C:\Users\ayush\.codex\visualizations\2026\07\28\019fa905-89da-7be3-8b98-d25588b33e06\DelhiCrimeDashboard\tools\pipeline_2025\output\raw\dscsc_vends\liquor-vends-29fa946088f7,
dscsc_vends,Delhi State Civil Supplies Corporation,,JAINA TOWER,,,,,,,,unclear,,,,,,user_input_required,C:\Users\ayush\.codex\visualizations\2026\07\28\019fa905-89da-7be3-8b98-d25588b33e06\DelhiCrimeDashboard\tools\pipeline_2025\output\raw\dscsc_vends\liquor-vends-29fa946088f7,
dscsc_vends,Delhi State Civil Supplies Corporation,,KONDLI,,,,,,,,unclear,,,,,,user_input_required,C:\Users\ayush\.codex\visualizations\2026\07\28\019fa905-89da-7be3-8b98-d25588b33e06\DelhiCrimeDashboard\tools\pipeline_2025\output\raw\dscsc_vends\liquor-vends-29fa946088f7,
dscsc_vends,Delhi State Civil Supplies Corporation,,PATEL NAGAR,,,,,,,,unclear,,,,,,user_input_required,C:\Users\ayush\.codex\visualizations\2026\07\28\019fa905-89da-7be3-8b98-d25588b33e06\DelhiCrimeDashboard\tools\pipeline_2025\output\raw\dscsc_vends\liquor-vends-29fa946088f7,
dscsc_vends,Delhi State Civil Supplies Corporation,,JANAPURI C BLK,,,,,,,,unclear,,,,,,user_input_required,C:\Users\ayush\.codex\visualizations\2026\07\28\019fa905-89da-7be3-8b98-d25588b33e06\DelhiCrimeDashboard\tools\pipeline_2025\output\raw\dscsc_vends\liquor-vends-29fa946088f7,
dscsc_vends,Delhi State Civil Supplies Corporation,,SARAI BUILDING,,,,,,,,unclear,,,,,,user_input_required,C:\Users\ayush\.codex\visualizations\2026\07\28\019fa905-89da-7be3-8b98-d25588b33e06\DelhiCrimeDashboard\tools\pipeline_2025\output\raw\dscsc_vends\liquor-vends-29fa946088f7,
dscsc_vends,Delhi State Civil Supplies Corporation,,IDGAH ROAD,,,,,,,,unclear,,,,,,user_input_required,C:\Users\ayush\.codex\visualizations\2026\07\28\019fa905-89da-7be3-8b98-d25588b33e06\DelhiCrimeDashboard\tools\pipeline_2025\output\raw\dscsc_vends\liquor-vends-29fa946088f7,
dscsc_vends,Delhi State Civil Supplies Corporation,,TIKRI KALAN,,,,,,,,unclear,,,,,,user_input_required,C:\Users\ayush\.codex\visualizations\2026\07\28\019fa905-89da-7be3-8b98-d25588b33e06\DelhiCrimeDashboard\tools\pipeline_2025\output\raw\dscsc_vends\liquor-vends-29fa946088f7,
dscsc_vends,Delhi State Civil Supplies Corporation,,JAHANGIR PURI BYEPASS,,,,,,,,unclear,,,,,,user_input_required,C:\Users\ayush\.codex\visualizations\2026\07\28\019fa905-89da-7be3-8b98-d25588b33e06\DelhiCrimeDashboard\tools\pipeline_2025\output\raw\dscsc_vends\liquor-vends-29fa946088f7,
dscsc_vends,Delhi State Civil Supplies Corporation,,KANJHAWALA 881,,,,,,,,unclear,,,,,,user_input_required,C:\Users\ayush\.codex\visualizations\2026\07\28\019fa905-89da-7be3-8b98-d25588b33e06\DelhiCrimeDashboard\tools\pipeline_2025\output\raw\dscsc_vends\liquor-vends-29fa946088f7,
dscsc_vends,Delhi State Civil Supplies Corporation,,SWARAN PARK MUNDKA,,,,,,,,unclear,,,,,,user_input_required,C:\Users\ayush\.codex\visualizations\2026\07\28\019fa905-89da-7be3-8b98-d25588b33e06\DelhiCrimeDashboard\tools\pipeline_2025\output\raw\dscsc_vends\liquor-vends-29fa946088f7,
dscsc_vends,Delhi State Civil Supplies Corporation,,SHIV VIHAR,,,,,,,,unclear,,,,,,user_input_required,C:\Users\ayush\.codex\visualizations\2026\07\28\019fa905-89da-7be3-8b98-d25588b33e06\DelhiCrimeDashboard\tools\pipeline_2025\output\raw\dscsc_vends\liquor-vends-29fa946088f7,
dscsc_vends,Delhi State Civil Supplies Corporation,,DISTRICT CENTRE JANAKPURI,,,,,,,,unclear,,,,,,user_input_required,C:\Users\ayush\.codex\visualizations\2026\07\28\019fa905-89da-7be3-8b98-d25588b33e06\DelhiCrimeDashboard\tools\pipeline_2025\output\raw\dscsc_vends\liquor-vends-29fa946088f7,
dscsc_vends,Delhi State Civil Supplies Corporation,,SEWAK PARK,,,,,,,,unclear,,,,,,user_input_required,C:\Users\ayush\.codex\visualizations\2026\07\28\019fa905-89da-7be3-8b98-d25588b33e06\DelhiCrimeDashboard\tools\pipeline_2025\output\raw\dscsc_vends\liquor-vends-29fa946088f7,
dscsc_vends,Delhi State Civil Supplies Corporation,,KANJHAWALA 134,,,,,,,,unclear,,,,,,user_input_required,C:\Users\ayush\.codex\visualizations\2026\07\28\019fa905-89da-7be3-8b98-d25588b33e06\DelhiCrimeDashboard\tools\pipeline_2025\output\raw\dscsc_vends\liquor-vends-29fa946088f7,
dscsc_vends,Delhi State Civil Supplies Corporation,,JAWAHAR NAGAR,,,,,,,,unclear,,,,,,user_input_required,C:\Users\ayush\.codex\visualizations\2026\07\28\019fa905-89da-7be3-8b98-d25588b33e06\DelhiCrimeDashboard\tools\pipeline_2025\output\raw\dscsc_vends\liquor-vends-29fa946088f7,
dscsc_vends,Delhi State Civil Supplies Corporation,,PANCHKUIAN ROAD,,,,,,,,unclear,,,,,,user_input_required,C:\Users\ayush\.codex\visualizations\2026\07\28\019fa905-89da-7be3-8b98-d25588b33e06\DelhiCrimeDashboard\tools\pipeline_2025\output\raw\dscsc_vends\liquor-vends-29fa946088f7,
dscsc_vends,Delhi State Civil Supplies Corporation,,KANJHAWALA 664,,,,,,,,unclear,,,,,,user_input_required,C:\Users\ayush\.codex\visualizations\2026\07\28\019fa905-89da-7be3-8b98-d25588b33e06\DelhiCrimeDashboard\tools\pipeline_2025\output\raw\dscsc_vends\liquor-vends-29fa946088f7,
dscsc_vends,Delhi State Civil Supplies Corporation,,BALDEV PARK,,,,,,,,unclear,,,,,,user_input_required,C:\Users\ayush\.codex\visualizations\2026\07\28\019fa905-89da-7be3-8b98-d25588b33e06\DelhiCrimeDashboard\tools\pipeline_2025\output\raw\dscsc_vends\liquor-vends-29fa946088f7,
dscsc_vends,Delhi State Civil Supplies Corporation,,MUNDKA 7213,,,,,,,,unclear,,,,,,user_input_required,C:\Users\ayush\.codex\visualizations\2026\07\28\019fa905-89da-7be3-8b98-d25588b33e06\DelhiCrimeDashboard\tools\pipeline_2025\output\raw\dscsc_vends\liquor-vends-29fa946088f7,
dscsc_vends,Delhi State Civil Supplies Corporation,,GULABI BAGH CL,,,,,,,,unclear,,,,,,user_input_required,C:\Users\ayush\.codex\visualizations\2026\07\28\019fa905-89da-7be3-8b98-d25588b33e06\DelhiCrimeDashboard\tools\pipeline_2025\output\raw\dscsc_vends\liquor-vends-29fa946088f7,
dscsc_vends,Delhi State Civil Supplies Corporation,,OLD SEEMA PURI (SPL),,,,,,,,unclear,,,,,,user_input_required,C:\Users\ayush\.codex\visualizations\2026\07\28\019fa905-89da-7be3-8b98-d25588b33e06\DelhiCrimeDashboard\tools\pipeline_2025\output\raw\dscsc_vends\liquor-vends-29fa946088f7,
dscsc_vends,Delhi State Civil Supplies Corporation,,JAHANGIRPURI (DML),,,,,,,,unclear,,,,,,user_input_required,C:\Users\ayush\.codex\visualizations\2026\07\28\019fa905-89da-7be3-8b98-d25588b33e06\DelhiCrimeDashboard\tools\pipeline_2025\output\raw\dscsc_vends\liquor-vends-29fa946088f7,
dscsc_vends,Delhi State Civil Supplies Corporation,,OKHLA INDL AREA (SPL),,,,,,,,unclear,,,,,,user_input_required,C:\Users\ayush\.codex\visualizations\2026\07\28\019fa905-89da-7be3-8b98-d25588b33e06\DelhiCrimeDashboard\tools\pipeline_2025\output\raw\dscsc_vends\liquor-vends-29fa946088f7,
dscsc_vends,Delhi State Civil Supplies Corporation,,GAZIPUR (SPL),,,,,,,,unclear,,,,,,user_input_required,C:\Users\ayush\.codex\visualizations\2026\07\28\019fa905-89da-7be3-8b98-d25588b33e06\DelhiCrimeDashboard\tools\pipeline_2025\output\raw\dscsc_vends\liquor-vends-29fa946088f7,
dscsc_vends,Delhi State Civil Supplies Corporation,,MAJNU KA TILLA (DML),,,,,,,,unclear,,,,,,user_input_required,C:\Users\ayush\.codex\visualizations\2026\07\28\019fa905-89da-7be3-8b98-d25588b33e06\DelhiCrimeDashboard\tools\pipeline_2025\output\raw\dscsc_vends\liquor-vends-29fa946088f7,
dscsc_vends,Delhi State Civil Supplies Corporation,,RANAJI ENCLAVE (DML),,,,,,,,unclear,,,,,,user_input_required,C:\Users\ayush\.codex\visualizations\2026\07\28\019fa905-89da-7be3-8b98-d25588b33e06\DelhiCrimeDashboard\tools\pipeline_2025\output\raw\dscsc_vends\liquor-vends-29fa946088f7,
dscsc_vends,Delhi State Civil Supplies Corporation,,KIRARI (DML),,,,,,,,unclear,,,,,,user_input_required,C:\Users\ayush\.codex\visualizations\2026\07\28\019fa905-89da-7be3-8b98-d25588b33e06\DelhiCrimeDashboard\tools\pipeline_2025\output\raw\dscsc_vends\liquor-vends-29fa946088f7,
dscsc_vends,Delhi State Civil Supplies Corporation,,NAWADA (DML),,,,,,,,unclear,,,,,,user_input_required,C:\Users\ayush\.codex\visualizations\2026\07\28\019fa905-89da-7be3-8b98-d25588b33e06\DelhiCrimeDashboard\tools\pipeline_2025\output\raw\dscsc_vends\liquor-vends-29fa946088f7,
dscsc_vends,Delhi State Civil Supplies Corporation,,ANAND PARVAT (DML),,,,,,,,unclear,,,,,,user_input_required,C:\Users\ayush\.codex\visualizations\2026\07\28\019fa905-89da-7be3-8b98-d25588b33e06\DelhiCrimeDashboard\tools\pipeline_2025\output\raw\dscsc_vends\liquor-vends-29fa946088f7,
dscsc_vends,Delhi State Civil Supplies Corporation,,KAPASHERA (DML),,,,,,,,unclear,,,,,,user_input_required,C:\Users\ayush\.codex\visualizations\2026\07\28\019fa905-89da-7be3-8b98-d25588b33e06\DelhiCrimeDashboard\tools\pipeline_2025\output\raw\dscsc_vends\liquor-vends-29fa946088f7,
dscsc_vends,Delhi State Civil Supplies Corporation,,SHYAM VIHAR (DML),,,,,,,,unclear,,,,,,user_input_required,C:\Users\ayush\.codex\visualizations\2026\07\28\019fa905-89da-7be3-8b98-d25588b33e06\DelhiCrimeDashboard\tools\pipeline_2025\output\raw\dscsc_vends\liquor-vends-29fa946088f7,
dscsc_vends,Delhi State Civil Supplies Corporation,,JHARODA MAJRA (DML),,,,,,,,unclear,,,,,,user_input_required,C:\Users\ayush\.codex\visualizations\2026\07\28\019fa905-89da-7be3-8b98-d25588b33e06\DelhiCrimeDashboard\tools\pipeline_2025\output\raw\dscsc_vends\liquor-vends-29fa946088f7,
dscsc_vends,Delhi State Civil Supplies Corporation,,KARAWAL NAGAR (DML),,,,,,,,unclear,,,,,,user_input_required,C:\Users\ayush\.codex\visualizations\2026\07\28\019fa905-89da-7be3-8b98-d25588b33e06\DelhiCrimeDashboard\tools\pipeline_2025\output\raw\dscsc_vends\liquor-vends-29fa946088f7,
dscsc_vends,Delhi State Civil Supplies Corporation,,SOUTH GAMRI (DML),,,,,,,,unclear,,,,,,user_input_required,C:\Users\ayush\.codex\visualizations\2026\07\28\019fa905-89da-7be3-8b98-d25588b33e06\DelhiCrimeDashboard\tools\pipeline_2025\output\raw\dscsc_vends\liquor-vends-29fa946088f7,
dscsc_vends,Delhi State Civil Supplies Corporation,,BAWANA CL,,,,,,,,unclear,,,,,,user_input_required,C:\Users\ayush\.codex\visualizations\2026\07\28\019fa905-89da-7be3-8b98-d25588b33e06\DelhiCrimeDashboard\tools\pipeline_2025\output\raw\dscsc_vends\liquor-vends-29fa946088f7,
