ward,ward_no,district,area_sq_km,plan_covered_km2,plan_coverage_pct,osm_mapped_pct,planned_residential_km2,planned_residential_share_pct,current_residential_km2,current_residential_share_pct,delta_residential_pp,planned_industrial_km2,planned_industrial_share_pct,current_industrial_km2,current_industrial_share_pct,delta_industrial_pp,planned_green_open_km2,planned_green_open_share_pct,current_green_open_km2,current_green_open_share_pct,delta_green_open_pp,planned_not_comparable_km2,planned_a1_agriculture_km2,comparison_confidence
DELHI CANTT CHARGE 1,CANT_1,West,1.276,1.21,94.8,76.1,0,0,0,0,0,0,0,0,0,0,0,0,0,0,0,1.21,0,ok
DELHI CANTT CHARGE 2,CANT_2,West,8.77,8.541,97.4,92.7,0.002,0,0.298,3.7,-3.6,0,0,0.04,0.5,-0.5,0.137,1.6,0.116,1.4,0.2,8.402,0,ok
DELHI CANTT CHARGE 4,CANT_4,South-West,8.392,7.977,95.1,67.7,0.002,0,0.016,0.3,-0.3,0,0,0.174,3.1,-3.1,1.98,24.8,0.074,1.3,23.5,5.995,0,ok
DELHI CANTT CHARGE 5,CANT_5,South-West,3.497,3.222,92.1,80.2,0,0,0.127,4.5,-4.5,0,0,0.187,6.7,-6.7,0,0,0.142,5.1,-5.1,3.222,0,ok
DELHI CANTT CHARGE 6,CANT_6,,15.265,14.84,97.2,59.3,0.059,0.4,0.082,0.9,-0.5,0,0,0.019,0.2,-0.2,0,0,2.618,28.9,-28.9,14.781,0,ok
DELHI CANTT CHARGE 7,CANT_7,South-West,3.89,3.853,99,86.8,0,0,0.223,6.6,-6.6,0,0,0,0,0,0,0,0.003,0.1,-0.1,3.853,0,ok
DELHI CANTT CHARGE 8,CANT_8,South-West,1.755,1.653,94.2,72.1,0,0,0.532,42.1,-42.1,0,0,0.013,1,-1,0,0,0.039,3.1,-3.1,1.653,0,ok
DELHI CANTT CHARGE 3,CANT_3,South-West,5.09,4.775,93.8,79.7,0,0,0.298,7.3,-7.3,0,0,0,0,0,0,0,0.366,9,-9,4.775,0,ok
NDMC CHARGE 1,NDMC_1,New Delhi,3.947,3.191,80.9,43.9,1.356,42.5,0.514,29.7,12.8,0.004,0.1,0.058,3.3,-3.2,0.217,6.8,0.17,9.8,-3,1.615,0,ok
NDMC CHARGE 2,NDMC_2,Central,1.842,1.589,86.3,16.5,0.695,43.8,0.119,39,4.7,0,0,0.097,31.8,-31.8,0.03,1.9,0.001,0.3,1.5,0.864,0,ok
NDMC CHARGE 3,NDMC_3,New Delhi,8.992,8.353,92.9,3.5,0.677,8.1,0.013,4.1,4,0,0,0.024,7.5,-7.5,5.701,68.2,0.223,69.9,-1.7,1.975,0,low - thin coverage on at least one side
NDMC CHARGE 4,NDMC_4,New Delhi,4.381,3.436,78.4,60.9,1.327,38.6,0.946,35.5,3.2,0,0,0.172,6.4,-6.4,0.46,13.4,0.231,8.7,4.7,1.649,0,ok
NDMC CHARGE 5,NDMC_5,New Delhi,7.974,6.658,83.5,60.5,4.26,64,3.857,80,-16,0,0,0.098,2,-2,0.484,7.3,0.242,5,2.2,1.915,0,ok
NDMC CHARGE 7,NDMC_7,South-West,3.03,2.586,85.4,37.8,1.068,41.3,0.394,34.4,6.9,0,0,0.156,13.6,-13.6,0.297,11.5,0.004,0.3,11.1,1.221,0,ok
NDMC CHARGE 8,NDMC_8,South-West,1.083,0.987,91.1,47.4,0.858,86.9,0,0,86.9,0,0,0.458,89.3,-89.3,0,0,0,0,0,0.129,0,ok
NDMC CHARGE 9,NDMC_9,New Delhi,11.026,9.79,88.8,32.1,3.29,33.6,1.265,35.8,-2.2,0.011,0.1,0.465,13.2,-13,1.408,14.4,0.316,8.9,5.4,5.081,0,ok
NDMC CHARGE 6,NDMC_6,South,1.357,1.205,88.8,34.1,0.919,76.3,0.397,85.7,-9.5,0,0,0,0,0,0,0,0.032,6.9,-6.9,0.286,0,ok
CHANDNI CHOWK,80,North,2.617,2.283,87.3,11.7,0.569,24.9,0.221,72,-47.1,0,0,0,0,0,0.794,34.8,0.009,2.9,31.8,0.92,0,ok
MINTO ROAD,81,Central,2.53,2.094,82.8,35.4,0.421,20.1,0.183,20.4,-0.4,0.024,1.1,0.066,7.4,-6.2,0.27,12.9,0,0,12.9,1.38,0,ok
KUCHA PANDIT,82,Central,0.339,0.319,94.1,97.9,0.319,100,0.331,99.7,0.3,0,0,0,0,0,0,0,0,0,0,0,0,ok
BAZAR SITARAM,83,Central,0.358,0.352,98.4,99.8,0.345,98.2,0.357,100,-1.8,0,0,0,0,0,0,0,0,0,0,0.006,0,ok
IDGAH ROAD,85,Central,0.775,0.704,90.8,20.6,0.325,46.2,0.16,100,-53.8,0,0,0,0,0,0,0,0,0,0,0.379,0,ok
KHYALA,108,West,1.423,1.368,96.1,0,1.012,74,0,,,0,0,0,,,0.134,9.8,0,,,0.222,0,low - thin coverage on at least one side
JANAK PURI NORTH,109,West,2.939,2.727,92.8,31.4,2.318,85,0.817,88.4,-3.4,0,0,0.014,1.5,-1.5,0.353,12.9,0.014,1.5,11.4,0.057,0,ok
MUKHERJEE NAGAR,11,North-West,2.587,2.348,90.8,14.2,1.507,64.2,0.26,70.8,-6.7,0,0,0.009,2.5,-2.5,0.191,8.1,0.042,11.4,-3.3,0.65,0,ok
JANAK PURI WEST,117,West,2.279,2.06,90.4,62.5,1.799,87.4,1.307,91.8,-4.4,0,0,0,0,0,0.115,5.6,0.001,0.1,5.5,0.145,0,ok
JANAK PURI SOUTH,118,West,2.173,1.999,92,31.6,0.754,37.7,0.525,76.3,-38.6,0,0,0.041,6,-6,0.15,7.5,0.001,0.1,7.4,1.094,0,ok
MILAP NAGAR,119,Dwarka,1.491,1.366,91.6,16.2,1.366,100,0.241,100,0,0,0,0,0,0,0,0,0,0,0,0,0,ok
SITA PURI,120,Dwarka,0.781,0.691,88.5,0.5,0.691,100,0.003,75,25,0,0,0,0,0,0,0,0,0,0,0,0,low - thin coverage on at least one side
CHHAWLA,133,Dwarka,78.026,45.199,57.9,11.2,0,0,0.323,3.7,-3.7,0,0,0.149,1.7,-1.7,0,0,7.366,83.9,-83.9,2.786,42.413,ok
NANGLI SAKRAVATI,134,Dwarka,22.09,1.281,5.8,27.1,0.35,27.3,0.231,3.9,23.4,0,0,0.001,0,0,0.04,3.1,5.711,95.5,-92.4,0.888,0.004,low - thin coverage on at least one side
KAKRAULA,135,Dwarka,9.8,8.164,83.3,26.9,4.553,55.8,1.864,70.6,-14.9,0,0,0.078,3,-3,1.171,14.3,0.038,1.4,12.9,2.439,0,ok
KHERA,140,Dwarka,77.159,44.601,57.8,21.6,0,0,0.907,5.4,-5.4,0,0,0.051,0.3,-0.3,0.392,0.9,14.849,88.9,-88.1,1.065,43.145,ok
DILSHAD GARDEN,241,Shahdara,2.153,1.966,91.3,47.2,0.811,41.2,0.322,31.7,9.5,0.102,5.2,0,0,5.2,0.05,2.5,0.005,0.5,2,1.004,0,ok
NEW SEEMA PURI,242,Shahdara,0.965,0.803,83.2,6.9,0.523,65.2,0,0,65.2,0.014,1.8,0.032,48.5,-46.7,0.101,12.6,0.033,50,-37.4,0.164,0,low - thin coverage on at least one side
NAND NAGRI,243,North-East,0.619,0.588,95,2.9,0.478,81.3,0,0,81.3,0,0,0.018,100,-100,0.04,6.7,0,0,6.7,0.07,0,low - thin coverage on at least one side
SUNDER NAGARI,244,North-East,1.055,0.95,90,6,0.696,73.3,0,0,73.3,0,0,0,0,0,0.159,16.7,0.063,100,-83.3,0.094,0,low - thin coverage on at least one side
DURGA PURI,245,Shahdara,0.914,0.855,93.5,0,0.79,92.4,0,,,0,0,0,,,0,0,0,,,0.065,0,low - thin coverage on at least one side
ASHOK NAGAR,246,North-East,0.941,0.845,89.8,8.9,0.703,83.3,0.084,100,-16.7,0,0,0,0,0,0.066,7.8,0,0,7.8,0.075,0,low - thin coverage on at least one side
RAM NAGAR (247),247,Shahdara,1.641,1.486,90.5,9.6,1.178,79.3,0.057,36.3,43,0,0,0.068,43.3,-43.3,0.006,0.4,0,0,0.4,0.302,0,low - thin coverage on at least one side
WELCOME COLONY,248,Shahdara,1.208,1.147,94.9,1.4,0.975,85,0,0,85,0,0,0,0,0,0.122,10.6,0.016,100,-89.4,0.05,0,low - thin coverage on at least one side
CHAUHAN BANGER,249,North-East,0.588,0.545,92.7,0,0.535,98.1,0,,,0,0,0,,,0,0,0,,,0.01,0,low - thin coverage on at least one side
ZAFFRABAD,250,North-East,0.405,0.346,85.3,0,0.334,96.7,0,,,0,0,0,,,0,0,0,,,0.012,0,low - thin coverage on at least one side
MAUJPUR,252,North-East,0.754,0.693,92,0,0.659,95,0,,,0,0,0,,,0,0,0,,,0.035,0,low - thin coverage on at least one side
GHONDA,255,North-East,0.781,0.745,95.3,0,0.745,100,0,,,0,0,0,,,0,0,0,,,0,0,low - thin coverage on at least one side
YAMUNA VIHAR,256,North-East,1.332,1.222,91.8,1.9,1.178,96.4,0,0,96.4,0,0,0,0,0,0.006,0.5,0,0,0.5,0.038,0,low - thin coverage on at least one side
SUBHASH MOHALLA,257,North-East,0.577,0.546,94.7,0,0.543,99.4,0,,,0,0,0,,,0,0,0,,,0.003,0,low - thin coverage on at least one side
KARDAM PURI,258,North-East,1.474,1.37,92.9,0.1,0.763,55.7,0,0,55.7,0,0,0,0,0,0.178,13,0,0,13,0.429,0,low - thin coverage on at least one side
JANTA COLONY,259,North-East,0.616,0.608,98.8,1.8,0.576,94.7,0,0,94.7,0,0,0,0,0,0,0,0.011,100,-100,0.032,0,low - thin coverage on at least one side
BABAR PUR,260,North-East,0.711,0.673,94.6,0,0.641,95.2,0,,,0,0,0,,,0.018,2.7,0,,,0.014,0,low - thin coverage on at least one side
JIWANPUR,261,North-East,1.652,1.6,96.8,8.6,0.002,0.1,0,0,0.1,0,0,0.143,100,-100,0,0,0,0,0,0.386,1.211,low - thin coverage on at least one side
GOKALPUR,262,North-East,1.185,1.098,92.7,0,0.245,22.4,0,,,0.024,2.2,0,,,0.018,1.6,0,,,0.185,0.625,low - thin coverage on at least one side
SABOLI,263,North-East,1.845,1.801,97.6,0,0,0,0,,,0,0,0,,,0.026,1.4,0,,,0.322,1.454,low - thin coverage on at least one side
HARSH VIHAR,264,North-East,2.538,2.496,98.3,0,0.039,1.6,0.001,100,-98.4,0,0,0,0,0,0.021,0.8,0,0,0.8,0.931,1.506,low - thin coverage on at least one side
SHIV VIHAR,265,North-East,1.742,1.741,99.9,0,0,0,0,,,0,0,0,,,0,0,0,,,0.085,1.656,low - thin coverage on at least one side
KARAWAL NAGAR EAST,266,North-East,1.255,1.255,100,0,0,0,0,,,0,0,0,,,0,0,0,,,0,1.255,low - thin coverage on at least one side
MUSTAFABAD,268,North-East,1.29,1.278,99.1,0,0,0,0,,,0,0,0,,,0,0,0,,,0.016,1.262,low - thin coverage on at least one side
KHAJOORI KHAS,269,North-East,1.127,0.629,55.8,0,0,0,0,,,0,0,0,,,0,0,0,,,0.014,0.616,low - thin coverage on at least one side
KARAWAL NAGAR WEST,271,North-East,2.086,2.04,97.8,0,0,0,0,,,0,0,0,,,0,0,0,,,0.026,2.015,low - thin coverage on at least one side
SONIA VIHAR,272,North-East,6.785,2.38,35.1,1.5,0,0,0,0,0,0,0,0.026,26.3,-26.3,0.983,41.3,0,0,41.3,1.397,0,low - thin coverage on at least one side
NIZAMUDDIN,154,South-East,7.401,6.242,84.3,17.3,1.272,20.4,0.309,24.1,-3.7,0.053,0.9,0.359,28,-27.2,1.032,16.5,0.07,5.5,11.1,3.885,0,ok
BHOGAL,156,South-East,1.351,1.226,90.8,38,0.907,74,0.5,97.5,-23.5,0.013,1,0,0,1,0.095,7.7,0,0,7.7,0.212,0,ok
KASTURBA NAGAR,157,South,3.036,2.69,88.6,26.7,1.199,44.6,0.506,62.5,-17.9,0,0,0.227,28,-28,0.163,6.1,0.033,4.1,2,1.328,0,ok
AMAR COLONY,160,South-East,1.794,1.548,86.3,2.1,1.25,80.8,0.003,8.1,72.7,0,0,0,0,0,0.022,1.4,0.009,24.3,-22.9,0.276,0,low - thin coverage on at least one side
MALVIYA NAGAR,161,South-West,5.561,5.199,93.5,11.8,1.289,24.8,0.375,57.3,-32.5,0,0,0.002,0.3,-0.3,1.573,30.3,0.028,4.3,26,2.337,0,ok
HAUZ RANI,162,South,1.032,0.985,95.4,1.2,0.883,89.7,0,0,89.7,0,0,0,0,0,0.053,5.4,0.001,8.3,-2.9,0.049,0,low - thin coverage on at least one side
ANDREWSGANJ,159,South,3.387,3.152,93.1,3,2.662,84.5,0.014,13.6,70.9,0,0,0,0,0,0.112,3.5,0.015,14.6,-11,0.378,0,low - thin coverage on at least one side
VASANT VIHAR,165,South-West,5.741,5.448,94.9,28.2,2.541,46.6,0.354,21.9,24.8,0,0,0.018,1.1,-1.1,1.663,30.5,0.007,0.4,30.1,1.244,0,ok
MUNIRKA,166,South-West,1.213,1.108,91.3,18.3,1.019,91.9,0.194,87,5,0,0,0,0,0,0.085,7.7,0.002,0.9,6.8,0.004,0,ok
NANAK PURA,168,South-West,3.209,2.863,89.2,15.5,1.947,68,0.057,11.5,56.5,0,0,0,0,0,0.182,6.4,0.009,1.8,4.5,0.734,0,ok
VASANTKUNJ,171,South-West,5.708,5.27,92.3,14.7,0.477,9.1,0.105,12.6,-3.5,0,0,0,0,0,0.035,0.7,0.017,2,-1.4,4.758,0,ok
DAKSHINPURI EXT.,180,South,1.409,1.358,96.3,55.5,0.54,39.8,0,0,39.8,0,0,0.045,5.8,-5.8,0.737,54.3,0.737,94.2,-40,0.081,0,ok
KHANPUR,181,South,3.504,1.09,31.1,0.5,0.585,53.6,0,0,53.6,0,0,0.011,61.1,-61.1,0.001,0.1,0,0,0.1,0.504,0,low - thin coverage on at least one side
AMBEDKAR NAGAR,182,South,0.497,0.454,91.4,5.5,0.454,100,0,0,100,0,0,0,0,0,0,0,0,0,0,0,0,low - thin coverage on at least one side
MADANGIR,183,South,0.494,0.455,92.1,0,0.421,92.4,0,,,0,0,0,,,0,0,0,,,0.035,0,low - thin coverage on at least one side
PUSHP VIHAR,184,South,1.819,1.644,90.4,5,1.383,84.1,0.015,16.5,67.6,0,0,0,0,0,0,0,0,0,0,0.261,0,low - thin coverage on at least one side
TUGHLAKABAD EXTN,185,South,2.76,2.558,92.7,47.9,0.627,24.5,0,0,24.5,0,0,0,0,0,1.194,46.7,0.554,41.9,4.8,0.736,0,ok
SANGAM VIHAR CENTRAL,187,South,1.704,1.673,98.2,0.4,0,0,0,0,0,0,0,0.007,100,-100,1.635,97.7,0,0,97.7,0.038,0,low - thin coverage on at least one side
SANGAM VIHAR EAST,188,South,4.402,4.126,93.7,11.4,0,0,0.025,5,-5,0,0,0,0,0,3.277,79.4,0.015,3,76.4,0.849,0,ok
CHIRAG DELHI,189,South,2.31,2.191,94.8,18.7,1.51,68.9,0.008,1.9,67,0,0,0,0,0,0.55,25.1,0.388,90,-64.9,0.132,0,ok
CHITRANJAN PARK,190,South,2.282,2.147,94.1,15.7,1.958,91.2,0.188,52.5,38.7,0,0,0,0,0,0.136,6.3,0.097,27.1,-20.7,0.053,0,ok
SHAPUR JAT,191,South,4.391,4.084,93,7.4,2.009,49.2,0.229,70.7,-21.5,0,0,0,0,0,1.077,26.4,0.021,6.5,19.9,0.997,0,low - thin coverage on at least one side
GREATER KAILASH-I,192,South,3.741,3.475,92.9,9.8,2.258,65,0.22,60.3,4.7,0,0,0.004,1.1,-1.1,0.776,22.3,0.018,4.9,17.4,0.441,0,low - thin coverage on at least one side
SRI NIWASPURI,193,South-East,4.331,3.924,90.6,24.2,2.003,51.1,0.086,8.2,42.8,0.586,14.9,0.881,84.1,-69.2,0.199,5.1,0,0,5.1,1.135,0,ok
EAST OF KAILASH,194,South-East,2.777,2.614,94.1,21.2,1.195,45.7,0,0,45.7,0.209,8,0.003,0.5,7.5,0.874,33.5,0.184,31.2,2.2,0.334,0,ok
GOVIND PURI,195,South-East,0.524,0.483,92.2,50.2,0.45,93.1,0.175,66.5,26.5,0,0,0,0,0,0.004,0.9,0.02,7.6,-6.7,0.029,0,ok
KALKAJI,196,South-East,1.228,1.135,92.4,9.3,0.875,77.1,0.07,61.4,15.7,0.105,9.2,0,0,9.2,0.054,4.7,0.003,2.6,2.1,0.101,0,low - thin coverage on at least one side
TUGHLAKABAD,197,South-East,6.587,6.287,95.4,22.4,1.157,18.4,0.473,32.1,-13.7,0.037,0.6,0.949,64.3,-63.7,3.373,53.6,0.008,0.5,53.1,1.72,0,ok
PUL PEHLAD,198,South-East,2.97,2.558,86.1,4,0.151,5.9,0.101,84.2,-78.3,0,0,0.018,15,-15,2.23,87.2,0.001,0.8,86.3,0.178,0,low - thin coverage on at least one side
TEKHAND,199,South-East,4.174,3.717,89.1,0.4,0.16,4.3,0.004,23.5,-19.2,2.379,64,0.004,23.5,40.5,0.144,3.9,0,0,3.9,1.034,0,low - thin coverage on at least one side
HARKESH NAGAR,200,South-East,2.293,2.113,92.2,24.3,0.172,8.1,0,0,8.1,1.197,56.7,0.227,40.7,16,0.175,8.3,0.078,14,-5.7,0.568,0,ok
JAITPUR,201,South-East,3.669,1.389,37.8,21.8,0,0,0.731,91.3,-91.3,0,0,0.07,8.7,-8.7,1.035,74.5,0,0,74.5,0.354,0,ok
MEETHEYPUR,202,South-East,2.712,0.08,2.9,0,0,0,0,,,0,0,0,,,0,0,0,,,0.08,0,low - thin coverage on at least one side
BADAR PUR,203,South-East,2.462,2.318,94.2,31.7,1.036,44.7,0.019,2.4,42.3,0,0,0.761,97.6,-97.6,0.377,16.3,0,0,16.3,0.904,0,ok
MOLARBAND,204,South-East,1.445,1.375,95.1,13.7,0.496,36.1,0,0,36.1,0,0,0.198,100,-100,0.605,44,0,0,44,0.274,0,ok
OKHLA,206,South-East,3.7,2.751,74.4,16.9,0.901,32.8,0.095,15.2,17.6,0,0,0.508,81.2,-81.2,0.486,17.7,0.023,3.7,14,1.364,0,ok
TURKMAN GATE,84,Central,0.239,0.239,99.7,100,0.237,99.4,0.239,100,-0.6,0,0,0,0,0,0,0,0,0,0,0.001,0,ok
BALLIMARAN,86,Central,0.531,0.509,96,98.5,0.49,96.1,0.523,100,-3.9,0,0,0,0,0,0,0,0,0,0,0.02,0,ok
RAM NAGAR (87),87,Central,0.425,0.371,87.2,0,0.316,85.2,0,,,0,0,0,,,0.009,2.4,0,,,0.046,0,low - thin coverage on at least one side
QASABPURA,88,North,0.752,0.639,85,5.2,0.513,80.4,0.012,30,50.4,0,0,0.023,57.5,-57.5,0.043,6.7,0.001,2.5,4.2,0.082,0,low - thin coverage on at least one side
PAHAR GANJ,89,Central,1.038,0.872,84,3.9,0.799,91.6,0,0,91.6,0,0,0,0,0,0,0,0.04,100,-100,0.073,0,low - thin coverage on at least one side
SADH NAGAR,146,South-West,0.806,0.76,94.4,0,0.732,96.3,0,,,0,0,0,,,0,0,0,,,0.028,0,low - thin coverage on at least one side
PUSA,150,West,9.517,9.264,97.3,26.7,0.344,3.7,0.323,12.7,-9,0.244,2.6,0,0,2.6,3.695,39.9,1.982,78.1,-38.2,4.981,0,ok
INDER PURI,151,West,1.107,1.046,94.4,7,0.774,74,0,0,74,0.032,3.1,0,0,3.1,0.062,5.9,0,0,5.9,0.177,0,low - thin coverage on at least one side
NARAINA,152,West,1.886,1.743,92.4,5.8,0.888,50.9,0.001,0.9,50,0.475,27.2,0,0,27.2,0.125,7.2,0,0,7.2,0.256,0,low - thin coverage on at least one side
DEOLI,173,South,10.396,6.068,58.4,6.6,2.374,39.1,0.573,83.8,-44.6,0,0,0.008,1.2,-1.2,2.569,42.3,0.038,5.6,36.8,1.125,0,low - thin coverage on at least one side
CHHATARPUR,174,South,13.107,4.713,36,15.5,0.651,13.8,1.022,50.3,-36.5,0,0,0.053,2.6,-2.6,2.028,43,0.074,3.6,39.4,2.034,0,ok
AYA NAGAR,175,South,31.951,22.326,69.9,25.3,2.711,12.1,0.896,11.1,1.1,0,0,0.016,0.2,-0.2,18.929,84.8,6.546,80.9,3.9,0.686,0,ok
BHATI,176,South,46.567,27.835,59.8,6.9,0,0,2.431,76.1,-76.1,0,0,0.224,7,-7,27.205,97.7,0,0,97.7,0.631,0,low - thin coverage on at least one side
MADANPUR KHADAR,207,South-East,8.227,6.164,74.9,23.7,0.772,12.5,0.589,30.3,-17.7,0,0,1.357,69.7,-69.7,3.583,58.1,0,0,58.1,1.809,0,ok
SARITA VIHAR,208,South-East,7.363,6.17,83.8,20.9,1.992,32.3,0.6,38.9,-6.6,0.205,3.3,0.768,49.8,-46.5,1.429,23.2,0.048,3.1,20,2.544,0,ok
GHONDLI,231,Shahdara,1.019,0.971,95.4,0,0.963,99.2,0,,,0,0,0,,,0,0,0,,,0.008,0,low - thin coverage on at least one side
ANARKALI,232,Shahdara,0.871,0.836,96,0.5,0.836,100,0.004,100,0,0,0,0,0,0,0,0,0,0,0,0,0,low - thin coverage on at least one side
GANDHI NAGAR,234,Shahdara,0.991,0.635,64.1,22.3,0.6,94.5,0,0,94.5,0,0,0,0,0,0,0,0.221,100,-100,0.035,0,ok
AZAD NAGAR,235,Shahdara,0.882,0.803,91,0,0.645,80.3,0,,,0,0,0,,,0.075,9.4,0,,,0.082,0,low - thin coverage on at least one side
RAGHUBAR PURA,236,Shahdara,1.303,1.178,90.4,0.1,0.936,79.5,0,0,79.5,0,0,0.001,100,-100,0.046,3.9,0,0,3.9,0.196,0,low - thin coverage on at least one side
SHAHDARA,237,Shahdara,0.881,0.805,91.4,0.4,0.761,94.5,0,0,94.5,0,0,0.004,100,-100,0,0,0,0,0,0.044,0,low - thin coverage on at least one side
JHILMIL,238,Shahdara,1.214,1.136,93.6,1.1,0.903,79.5,0.003,23.1,56.4,0,0,0.006,46.2,-46.2,0.054,4.7,0.004,30.8,-26,0.179,0,low - thin coverage on at least one side
VIVEK VIHAR,239,Shahdara,2.411,2.184,90.6,6.7,1.067,48.9,0.158,97.5,-48.7,0.664,30.4,0,0,30.4,0.18,8.3,0,0,8.3,0.273,0,low - thin coverage on at least one side
DILSHAD COLONY,240,Shahdara,0.965,0.876,90.7,0,0.763,87.1,0,,,0,0,0,,,0.102,11.7,0,,,0.01,0,low - thin coverage on at least one side
PUNJABI BAGH,103,West,3.136,2.782,88.7,2.5,1.982,71.3,0.074,93.7,-22.4,0,0,0,0,0,0.49,17.6,0,0,17.6,0.309,0,low - thin coverage on at least one side
NEW RANJIT NAGAR,96,Central,0.836,0.734,87.8,2.3,0.733,100,0,0,100,0,0,0,0,0,0,0,0.001,5,-5,0,0,low - thin coverage on at least one side
KIRTI NAGAR,97,West,3.384,3.047,90,4.6,1.924,63.1,0,0,63.1,0.959,31.5,0.1,64.5,-33,0.018,0.6,0,0,0.6,0.147,0,low - thin coverage on at least one side
MANSAROWER GARDEN,98,West,1.604,1.437,89.6,0.2,0.823,57.3,0,0,57.3,0.562,39.1,0,0,39.1,0,0,0,0,0,0.052,0,low - thin coverage on at least one side
HASTSAL,122,Outer,9.854,0.78,7.9,9.9,0.254,32.6,0.872,89.6,-57,0.221,28.3,0,0,28.3,0.027,3.5,0,0,3.5,0.278,0,low - thin coverage on at least one side
SANGAM PARK,71,North-West,1.057,0.956,90.5,6.1,0.116,12.2,0.064,100,-87.8,0.333,34.8,0,0,34.8,0.314,32.8,0,0,32.8,0.193,0,low - thin coverage on at least one side
MODEL TOWN,72,North-West,2.816,2.489,88.4,0.9,1.565,62.8,0,0,62.8,0,0,0,0,0,0.446,17.9,0,0,17.9,0.479,0,low - thin coverage on at least one side
KAMLA NAGAR,69,North,2.419,2.276,94.1,41,1.402,61.6,0.78,78.5,-17,0.042,1.8,0.145,14.6,-12.8,0.338,14.9,0,0,14.9,0.494,0,ok
INDER LOK COLONY,74,Central,2.493,2.217,88.9,2.7,0.924,41.7,0,0,41.7,0.709,32,0.063,92.6,-60.7,0.096,4.3,0,0,4.3,0.488,0,low - thin coverage on at least one side
KISHAN GANJ,75,North,1.226,1.087,88.7,15.1,0.825,75.9,0,0,75.9,0.022,2,0.183,98.9,-96.9,0,0,0,0,0,0.241,0,ok
DEPUTY GANJ,76,North,1.074,0.903,84.1,9.5,0.48,53.2,0,0,53.2,0.157,17.4,0.022,21.6,-4.2,0,0,0,0,0,0.266,0,low - thin coverage on at least one side
KASHMERE GATE,77,North,3.461,2.704,78.1,19.6,0.7,25.9,0,0,25.9,0,0,0.306,45.1,-45.1,0.541,20,0.147,21.6,-1.6,1.462,0,ok
MAJNU KA TILA,78,North,3.665,3.059,83.5,6.8,1.351,44.1,0.144,57.8,-13.7,0,0,0,0,0,0.93,30.4,0.093,37.3,-7,0.779,0,low - thin coverage on at least one side
JAMA MASJID,79,Central,0.776,0.698,89.9,70.9,0.447,64,0.487,88.7,-24.7,0,0,0,0,0,0.159,22.8,0,0,22.8,0.092,0,ok
TILAK NAGAR,114,West,1.533,1.415,92.3,9.7,1.361,96.2,0.144,96,0.2,0,0,0,0,0,0,0,0,0,0,0.054,0,low - thin coverage on at least one side
MAJOR BHUPINDAR SINGH NAGAR,115,West,0.978,0.922,94.3,8.7,0.675,73.3,0.066,77.6,-4.4,0,0,0.019,22.4,-22.4,0.028,3.1,0,0,3.1,0.218,0,low - thin coverage on at least one side
VIKASPURI EAST,116,West,2.655,2.4,90.4,27.5,1.302,54.3,0.718,98.1,-43.8,0.121,5,0,0,5,0.183,7.6,0,0,7.6,0.793,0,ok
MOHAN GARDEN,125,Dwarka,1.778,0.071,4,1.5,0,0,0.027,100,-100,0,0,0,0,0,0,0,0,0,0,0.071,0,low - thin coverage on at least one side
NAWADA,126,Dwarka,0.859,0,0,3.8,0,,0.032,100,,0,,0,0,,0,,0,0,,0,0,low - thin coverage on at least one side
UTTAM NAGAR,127,Dwarka,0.813,0.751,92.4,15.9,0.743,98.9,0.073,56.6,42.3,0,0,0,0,0,0,0,0.047,36.4,-36.4,0.008,0,ok
BINDAPUR,128,Dwarka,1.95,1.886,96.7,0.6,1.886,100,0.011,100,0,0,0,0,0,0,0,0,0,0,0,0,0,low - thin coverage on at least one side
DABRI,129,South-West,1.425,1.288,90.4,58.7,1.218,94.6,0.828,98.9,-4.3,0,0,0,0,0,0.01,0.8,0.005,0.6,0.2,0.059,0,ok
MATIALA,136,Dwarka,12.188,10.555,86.6,40.2,5.975,56.6,3.217,65.7,-9.1,0,0,1.136,23.2,-23.2,1.961,18.6,0.206,4.2,14.4,2.619,0,ok
ROSHANPURA,137,Dwarka,10.702,1.323,12.4,15.4,0,0,0.395,24,-24,0,0,0.843,51.2,-51.2,0,0,0.275,16.7,-16.7,1.323,0,ok
MAYUR VIHAR PHASE-I,209,East,1.662,1.546,93,20,1.106,71.5,0.095,28.6,42.9,0,0,0.181,54.5,-54.5,0.128,8.3,0.046,13.9,-5.6,0.312,0,ok
ROHINI,21,Outer North,4.843,4.485,92.6,33.8,2.796,62.3,1.053,64.3,-1.9,0,0,0.05,3.1,-3.1,0.163,3.6,0.387,23.6,-20,1.526,0,ok
DALLOPURA,210,East,0.916,0.811,88.5,0.2,0.688,84.8,0.001,100,-15.2,0,0,0,0,0,0.111,13.7,0,0,13.7,0.012,0,low - thin coverage on at least one side
TRILOK PURI,211,East,3.64,2.773,76.2,67.9,0.131,4.7,0.054,2.2,2.5,0,0,0,0,0,1.996,72,2.419,97.8,-25.8,0.647,0,ok
NEW ASHOK NAGAR,212,East,1.641,1.45,88.4,22,0.918,63.3,0.193,53.5,9.9,0,0,0.003,0.8,-0.8,0.056,3.9,0.001,0.3,3.6,0.476,0,ok
KALYAN PURI,213,East,0.456,0.404,88.6,0,0.366,90.6,0,,,0,0,0,,,0,0,0,,,0.038,0,low - thin coverage on at least one side
KHICHRIPUR,214,East,4.575,4.07,89,23.2,1.698,41.7,0.335,31.5,10.2,0.279,6.9,0.431,40.6,-33.7,0.069,1.7,0.032,3,-1.3,2.024,0,ok
KONDLI,215,East,1.567,1.411,90,2,1.015,71.9,0,0,71.9,0.052,3.7,0,0,3.7,0.163,11.6,0,0,11.6,0.181,0,low - thin coverage on at least one side
GHAROLI,216,East,2.04,1.648,80.8,4.2,0.84,51,0,0,51,0.047,2.9,0.045,52.9,-50.1,0.097,5.9,0,0,5.9,0.664,0,low - thin coverage on at least one side
VINOD NAGAR,217,East,0.897,0.709,79,33.4,0.542,76.5,0.223,74.3,2.1,0.091,12.8,0.074,24.7,-11.8,0.076,10.7,0.003,1,9.7,0,0,ok
ASHOK VIHAR,68,North-West,2.038,1.866,91.6,38.4,0.645,34.6,0.713,91.1,-56.5,0.769,41.2,0,0,41.2,0.241,12.9,0,0,12.9,0.211,0,ok
WAJIRPUR,67,North-West,1.914,1.704,89,29.7,1.355,79.5,0.512,89.8,-10.3,0.038,2.2,0.055,9.6,-7.4,0.157,9.2,0,0,9.2,0.154,0,ok
SAWAN PARK,66,North-West,2.357,2.258,95.8,52.7,1.456,64.5,1.21,97.5,-33,0,0,0.017,1.4,-1.4,0.566,25.1,0.005,0.4,24.7,0.236,0,ok
NIMRI COLONY,65,North-West,1.264,1.187,93.9,53.1,0.728,61.4,0.634,94.5,-33.1,0,0,0,0,0,0.315,26.6,0,0,26.6,0.143,0,ok
SHAKUR PUR,64,North-West,1.019,0.926,90.9,54.3,0.468,50.5,0.245,44.3,6.2,0,0,0.074,13.4,-13.4,0.142,15.3,0.05,9,6.3,0.316,0,ok
KOHAT ENCLAVE,63,North-West,2.045,1.877,91.8,76.2,1.768,94.2,1.558,100,-5.8,0,0,0,0,0,0.108,5.8,0,0,5.8,0.001,0,ok
RAMPURA,62,North-West,2.509,2.238,89.2,46.5,0.809,36.2,0.403,34.5,1.7,0.956,42.7,0.635,54.3,-11.6,0.024,1.1,0.033,2.8,-1.7,0.449,0,ok
TRI NAGAR,61,North-West,0.954,0.901,94.4,0,0.806,89.5,0,,,0,0,0,,,0.063,7,0,,,0.032,0,low - thin coverage on at least one side
SARASWATI VIHAR,60,Outer,3.988,3.607,90.4,88.3,1.844,51.1,2.334,66.3,-15.1,0.321,8.9,1.178,33.4,-24.6,0.216,6,0,0,6,1.226,0,ok
RANI BAGH,59,Outer,3.336,3.153,94.5,63.6,1.082,34.3,0.731,34.4,-0.1,0,0,1.391,65.6,-65.6,0.295,9.4,0,0,9.4,1.776,0,ok
PASCHIM VIHAR NORTH,58,Outer,2.159,2.002,92.7,53.1,1.246,62.2,1.019,88.8,-26.6,0,0,0.071,6.2,-6.2,0.136,6.8,0,0,6.8,0.621,0,ok
PASCHIM VIHAR SOUTH,57,Outer,2.964,2.757,93,52.4,1.823,66.1,1.391,89.6,-23.4,0,0,0.031,2,-2,0.626,22.7,0.038,2.4,20.2,0.308,0,ok
SHALIMAR BAGH SOUTH,56,North-West,2.148,1.951,90.8,55.5,1.391,71.3,1.108,93,-21.7,0.091,4.7,0,0,4.7,0.347,17.8,0.072,6,11.8,0.121,0,ok
SHALIMAR BAGH NORTH,55,North-West,2.229,2.068,92.8,41.5,1.135,54.9,0.783,84.6,-29.7,0,0,0.065,7,-7,0.631,30.5,0.036,3.9,26.6,0.301,0,ok
PITAMPUR NORTH,54,North-West,2.476,2.217,89.6,40.3,1.291,58.2,0.695,69.6,-11.4,0,0,0,0,0,0.635,28.6,0.238,23.8,4.8,0.291,0,ok
PITAMPURA SOUTH,53,North-West,2.385,2.12,88.9,69.8,1.595,75.2,1.6,96.1,-20.9,0.025,1.2,0,0,1.2,0.18,8.5,0.006,0.4,8.1,0.321,0,ok
NAHARPUR,52,Rohini,1.211,1.148,94.8,95.5,1.112,96.9,1.11,96,0.9,0,0,0,0,0,0,0,0,0,0,0.036,0,ok
ROHINI EAST,51,Rohini,2.266,2.032,89.7,92.4,1.655,81.5,2.047,97.7,-16.2,0,0,0,0,0,0.003,0.2,0,0,0.2,0.373,0,ok
ROHINI CENTRAL,50,Rohini,3.03,2.783,91.8,70.4,1.423,51.1,1.489,69.8,-18.7,0,0,0,0,0,0.966,34.7,0.367,17.2,17.5,0.394,0,ok
MANGOLPURI  WEST,48,Outer,1.461,1.325,90.7,39,0.646,48.8,0.229,40.2,8.6,0.454,34.3,0.341,59.8,-25.5,0.025,1.9,0,0,1.9,0.199,0,ok
MANGOLPURI  EAST,46,Outer,0.892,0.801,89.8,24.8,0.594,74.1,0.055,24.9,49.2,0.183,22.9,0.166,75.1,-52.2,0.016,2,0,0,2,0.009,0,ok
ROHINI SOUTH,45,Rohini,2.177,2.008,92.2,82.2,1.522,75.8,1.744,97.5,-21.8,0,0,0.044,2.5,-2.5,0,0,0,0,0,0.486,0,ok
QUAMMRUDDIN NAGAR,44,Outer,5.642,1.647,29.2,6.7,0,0,0.048,12.8,-12.8,0,0,0.328,87.2,-87.2,0.927,56.3,0,0,56.3,0.72,0,low - thin coverage on at least one side
NANGLOI EAST,43,Outer,2.444,0.482,19.7,7.1,0.229,47.5,0,0,47.5,0,0,0.175,100,-100,0,0,0,0,0,0.253,0,low - thin coverage on at least one side
PERAGHARHI,42,Outer,1.875,1.71,91.2,44.8,0.943,55.2,0.764,91.1,-35.9,0.531,31,0,0,31,0.032,1.8,0.07,8.3,-6.5,0.204,0,ok
GURU HARKISHAN NAGAR,41,Outer,2.779,2.603,93.7,67.8,1.966,75.5,1.653,87.7,-12.2,0,0,0.063,3.3,-3.3,0.298,11.4,0,0,11.4,0.339,0,ok
SULTANPURI  SOUTH,40,Outer,0.856,0.821,95.9,25.3,0.706,85.9,0.217,100,-14.1,0,0,0,0,0,0,0,0,0,0,0.115,0,ok
SULTANPURI  EAST,37,Outer,0.815,0.771,94.6,0,0.661,85.7,0,,,0,0,0,,,0,0,0,,,0.11,0,low - thin coverage on at least one side
KIRARI SULEMAN NAGAR,35,Rohini,2.982,2.846,95.4,1.8,2.375,83.5,0.04,75.5,8,0.099,3.5,0,0,3.5,0.166,5.8,0,0,5.8,0.206,0,low - thin coverage on at least one side
KARALA,29,Rohini,37.788,16.282,43.1,1.2,2.325,14.3,0.217,47.9,-33.6,2.333,14.3,0.003,0.7,13.7,0.539,3.3,0,0,3.3,0.665,10.42,low - thin coverage on at least one side
BEGUMPUR,27,Rohini,46.619,19.927,42.7,2.5,5.836,29.3,0.691,58.6,-29.3,2.546,12.8,0.048,4.1,8.7,2.175,10.9,0.355,30.1,-19.2,2.13,7.24,low - thin coverage on at least one side
POOTH KALAN,25,Rohini,8.478,7.541,88.9,56,6.03,80,4.585,96.5,-16.5,0,0,0,0,0,0.469,6.2,0.06,1.3,5,1.042,0,ok
VIJAY VIHAR,24,Rohini,2.095,1.965,93.8,59.5,1.533,78,1.247,100,-22,0.015,0.8,0,0,0.8,0.237,12.1,0,0,12.1,0.179,0,ok
GEETA COLONY,230,Shahdara,1.255,1.13,90,3,0.928,82.1,0.035,92.1,-10,0,0,0,0,0,0.029,2.6,0.003,7.9,-5.3,0.174,0,low - thin coverage on at least one side
KRISHNA  NAGAR,229,Shahdara,2.046,1.563,76.4,8.6,1.384,88.6,0.006,3.4,85.1,0,0,0,0,0,0.02,1.3,0.112,64,-62.7,0.158,0,low - thin coverage on at least one side
PREET VIHAR,228,East,3.5,3.053,87.2,10.9,2.142,70.2,0.279,73.4,-3.3,0,0,0.058,15.3,-15.3,0.127,4.2,0,0,4.2,0.784,0,ok
I.P EXTENTION,227,East,4.532,3.843,84.8,28.9,1.263,32.9,0.52,39.6,-6.8,0.824,21.4,0.616,46.9,-25.5,0.279,7.3,0.014,1.1,6.2,1.478,0,ok
ANAND VIHAR,225,Shahdara,4.404,3.852,87.5,8.8,2.463,63.9,0.131,33.9,30.1,0,0,0.072,18.6,-18.6,0.239,6.2,0.005,1.3,4.9,1.15,0,low - thin coverage on at least one side
YAMUNA FLOODPLAIN (UNWARDED),UNWARDED_1,Shahdara,37.15,18.774,50.5,35.4,0.112,0.6,0.114,0.9,-0.3,0,0,1.188,9,-9,7.9,42.1,6.607,50.2,-8.1,10.761,0,ok
SHAKARPUR,223,East,1.153,1.028,89.2,11.9,0.795,77.3,0.013,9.6,67.7,0.09,8.7,0.123,90.4,-81.7,0,0,0,0,0,0.144,0,ok
LAXMI NAGAR,222,East,0.919,0.852,92.7,0,0.852,100,0,,,0,0,0,,,0,0,0,,,0,0,low - thin coverage on at least one side
RITHALA,22,Rohini,2.086,1.899,91.1,81.3,1.179,62.1,1.481,87.3,-25.2,0,0,0.02,1.2,-1.2,0.056,3,0.053,3.1,-0.2,0.664,0,ok
MAYUR VIHAR PHASE II,219,East,2.335,2.115,90.6,45.4,1.248,59,0.861,81.3,-22.3,0.017,0.8,0.162,15.3,-14.5,0.296,14,0,0,14,0.554,0,ok
MANDAWALI,218,East,0.905,0.796,87.9,14.3,0.712,89.5,0.13,100,-10.5,0,0,0,0,0,0,0,0,0,0,0.084,0,ok
KARAM PURA,100,West,2.246,1.985,88.4,23.2,0.638,32.1,0.296,56.9,-24.8,0.395,19.9,0.119,22.9,-3,0.504,25.4,0,0,25.4,0.447,0,ok
MAHAVIR ENCLAVE,147,Dwarka,2.322,2.038,87.8,28.5,1.874,91.9,0.651,98.2,-6.3,0,0,0,0,0,0,0,0.003,0.5,-0.5,0.165,0,ok
SAGARPUR,131,South-West,0.655,0.625,95.4,1.3,0.438,70.1,0.008,100,-29.9,0,0,0,0,0,0.15,24.1,0,0,24.1,0.037,0,low - thin coverage on at least one side
SAGARPUR WEST,132,South-West,0.631,0.605,96,14.3,0.587,96.9,0.09,100,-3.1,0,0,0,0,0,0,0,0,0,0,0.019,0,ok
MUNDAKA,30,Outer,53.09,22.883,43.1,20.6,2.05,9,1.392,12.7,-3.8,4.786,20.9,6.888,62.9,-42,0.884,3.9,2.116,19.3,-15.5,3.709,11.454,ok
EAST PATEL NAGAR,95,Central,2.379,2.245,94.4,6.1,1.004,44.7,0.057,39.3,5.4,0.023,1,0,0,1,0.218,9.7,0.001,0.7,9,1.001,0,low - thin coverage on at least one side
WEST PATEL NAGAR,94,Central,1.061,0.994,93.8,20,0.683,68.7,0,0,68.7,0.102,10.2,0.212,100,-89.8,0.012,1.2,0,0,1.2,0.198,0,ok
DEV NAGAR,92,Central,0.756,0.723,95.6,33.4,0.444,61.4,0.244,96.4,-35,0,0,0,0,0,0,0,0,0,0,0.279,0,ok
KAROL BAGH,91,Central,2.285,1.962,85.9,75.4,1.484,75.6,1.537,89.1,-13.5,0,0,0.169,9.8,-9.8,0.151,7.7,0,0,7.7,0.326,0,ok
MODEL BASTI,90,Central,1.459,1.256,86.1,12.3,0.784,62.4,0.101,56.4,6,0.08,6.4,0.04,22.3,-16,0.103,8.2,0,0,8.2,0.289,0,ok
RANA PRATAP BAGH,70,North-West,1.373,1.265,92.1,17.8,1.207,95.4,0.235,96.3,-0.9,0,0,0,0,0,0,0,0,0,0,0.058,0,ok
BAKHTAWAR PUR,4,Outer North,54.009,19.482,36.1,19.9,0.602,3.1,2.279,21.2,-18.1,0.002,0,3.645,33.9,-33.9,1.996,10.2,4.63,43.1,-32.8,3.332,13.551,ok
ALIPUR,3,Outer North,49.08,20.22,41.2,32.8,5.755,28.5,3.98,24.7,3.8,3.107,15.4,5.617,34.9,-19.5,3.051,15.1,6.459,40.1,-25,7.479,0.829,ok
SAHIBABAD DAULAT PUR,26,Outer North,13.218,11.078,83.8,26.9,6.08,54.9,2.4,67.5,-12.6,0.226,2,0.603,17,-14.9,1.241,11.2,0.461,13,-1.8,3.531,0,ok
BANKNER,2,Outer North,21.158,15.456,73.1,11.8,0.667,4.3,0.605,24.2,-19.9,0.285,1.8,0.525,21,-19.2,0.163,1.1,1.37,54.8,-53.7,0.797,13.543,ok
MALKAGANJ,9,North,0.993,0.898,90.4,20.9,0.602,67,0.2,96.2,-29.1,0,0,0,0,0,0.236,26.3,0.007,3.4,22.9,0.06,0,ok
JHARODA,8,North,12.511,3.446,27.5,35.4,0,0,2.036,45.9,-45.9,0,0,0.028,0.6,-0.6,1.339,38.9,2.357,53.2,-14.3,2.107,0,ok
MUKUND PUR,6,North,5.547,0.141,2.5,4,0,0,0.153,69.2,-69.2,0,0,0,0,0,0.001,0.8,0.04,18.1,-17.3,0.139,0,low - thin coverage on at least one side
BAWANA,28,Outer North,56.648,29.565,52.2,16.1,1.688,5.7,1.348,14.8,-9.1,2.749,9.3,0.868,9.5,-0.2,0.62,2.1,6.88,75.4,-73.3,2.713,21.795,ok
BHALSWA,19,Outer North,3.579,1.89,52.8,23.6,1.124,59.5,0.425,50.4,9.1,0,0,0.338,40.1,-40.1,0.014,0.8,0.043,5.1,-4.3,0.752,0,ok
SAMAYPUR BADLI,17,Outer North,3.074,2.725,88.7,25.2,0.541,19.8,0.172,22.3,-2.4,0.629,23.1,0.601,77.7,-54.7,0.484,17.8,0,0,17.8,1.072,0,ok
JAHANGIRPURI-I,16,North-West,0.589,0.538,91.3,55.7,0.527,97.9,0.307,93.3,4.6,0,0,0,0,0,0,0,0,0,0,0.011,0,ok
SARAI PIPAL THALA,15,North-West,1.755,1.512,86.1,9.6,0.457,30.2,0.124,73.4,-43.2,0.493,32.6,0.023,13.6,19,0.199,13.1,0.019,11.2,1.9,0.364,0,low - thin coverage on at least one side
MAHIPALPUR,144,South-West,7.497,3.749,50,30.1,1.555,41.5,1.479,65.4,-24,0,0,0,0,0,0.676,18,0,0,18,1.518,0,ok
KAPASHERA,143,,21.849,16.59,75.9,16.2,0,0,0.576,16.3,-16.3,0,0,0.836,23.6,-23.6,0.186,1.1,1.961,55.5,-54.3,12.329,4.075,ok
BIJWASAN,141,Dwarka,22.987,19.56,85.1,16.3,4.918,25.1,1.132,30.3,-5.1,0,0,2.366,63.2,-63.2,1.781,9.1,0.158,4.2,4.9,6.591,6.271,ok
ADARASH  NAGAR,14,North-West,1.343,1.207,89.8,58.3,0.874,72.5,0.771,98.3,-25.9,0,0,0.013,1.7,-1.7,0,0,0,0,0,0.332,0,ok
DHIR PUR,13,North-West,6.954,6.142,88.3,29.2,2.346,38.2,0.327,16.1,22.1,0,0,1.572,77.4,-77.4,1.054,17.2,0.114,5.6,11.5,2.742,0,ok
G.T.B. NAGAR,12,North-West,2.717,2.47,90.9,18.4,1.614,65.3,0.12,24,41.3,0,0,0.202,40.4,-40.4,0.004,0.2,0.087,17.4,-17.2,0.852,0,ok
TIMAR PUR,10,North,4.784,3.84,80.3,19.2,0.753,19.6,0.302,32.8,-13.2,0,0,0.286,31.1,-31.1,0.418,10.9,0.086,9.3,1.5,2.669,0,ok
RAJA GARDEN,101,West,2.219,1.962,88.4,11.3,1.257,64,0.049,19.5,44.5,0,0,0.008,3.2,-3.2,0.178,9,0.001,0.4,8.6,0.528,0,ok
RAGHUBIR NAGAR,102,West,0.624,0.584,93.6,0,0.385,66,0,,,0,0,0,,,0.099,16.9,0,,,0.1,0,low - thin coverage on at least one side
RAJOURI GARDEN,105,West,2.27,2.062,90.8,2.9,1.796,87.1,0.026,40,47.1,0,0,0,0,0,0.212,10.3,0,0,10.3,0.054,0,low - thin coverage on at least one side
NANGAL RAYA,110,West,2.408,2.22,92.2,32,1.174,52.9,0.557,72.2,-19.4,0.602,27.1,0.066,8.6,18.5,0.177,8,0,0,8,0.267,0,ok
HARI NAGAR,111,West,2.375,2.216,93.3,33.2,0.792,35.8,0.574,72.8,-37.1,0.634,28.6,0.144,18.3,10.3,0.284,12.8,0,0,12.8,0.506,0,ok
SUBHASH NAGAR,112,West,1.398,1.305,93.3,1.8,1.086,83.2,0.004,16,67.2,0,0,0.02,80,-80,0.192,14.7,0.001,4,10.7,0.027,0,low - thin coverage on at least one side
MADHU VIHAR,148,Dwarka,1.227,1.177,96,12.1,1.169,99.3,0.143,96,3.4,0,0,0,0,0,0,0,0,0,0,0.008,0,ok
BUDH VIHAR,23,Rohini,2.214,2.125,96,91.8,1.882,88.5,2.028,99.8,-11.3,0,0,0,0,0,0.243,11.4,0.004,0.2,11.2,0.001,0,ok
NANGLOI JAT WEST,31,Outer,1.93,1.428,74,49.2,0.664,46.5,0,0,46.5,0.63,44.1,0.949,100,-55.9,0.124,8.7,0,0,8.7,0.009,0,ok
NITHARI,34,Rohini,5.643,4.181,74.1,13.2,1.67,40,0.035,4.7,35.2,1.131,27.1,0.596,80.2,-53.2,0.965,23.1,0,0,23.1,0.414,0,ok
SULTANPUR MAJRA,39,Outer,0.67,0.63,94,2.1,0.63,100,0.014,100,0,0,0,0,0,0,0,0,0,0,0,0,0,low - thin coverage on at least one side
ROHINI NORTH,49,Rohini,3.37,3.129,92.8,53.5,1.663,53.2,1.35,74.8,-21.7,0.424,13.6,0.422,23.4,-9.8,0.125,4,0,0,4,0.917,0,ok
LIBAS PUR,18,Outer North,6.023,2.934,48.7,20.8,1.433,48.9,0.68,54.1,-5.3,0.282,9.6,0.529,42.1,-32.5,0.231,7.9,0.047,3.7,4.1,0.988,0,ok
BRAHAM PURI,254,North-East,1.064,1.013,95.2,9.3,0.79,78,0,0,78,0,0,0,0,0,0.21,20.7,0,0,20.7,0.013,0,low - thin coverage on at least one side
DICHAON KALAN,139,Dwarka,30.87,13.754,44.6,8.1,0,0,0.258,10.3,-10.3,0,0,0.056,2.2,-2.2,0,0,0,0,0,2.466,11.288,low - thin coverage on at least one side
MOTI NAGAR,99,West,0.967,0.848,87.7,0.6,0.801,94.4,0,0,94.4,0,0,0,0,0,0,0,0,0,0,0.047,0,low - thin coverage on at least one side
MANGOLPURI,47,Outer,0.872,0.806,92.4,13.4,0.704,87.4,0.117,100,-12.6,0,0,0,0,0,0.043,5.3,0,0,5.3,0.059,0,ok
LAJPAT NAGAR,155,South-East,1.733,1.637,94.5,11.6,0.958,58.5,0.153,76.1,-17.6,0,0,0,0,0,0.165,10.1,0.001,0.5,9.6,0.514,0,ok
PALAM,145,South-West,2.821,2.598,92.1,10.1,2.389,92,0.158,55.8,36.1,0,0,0,0,0,0,0,0.032,11.3,-11.3,0.209,0,ok
KISHANGARH,172,South-West,22.471,11.697,52.1,4.9,1.953,16.7,0.077,7,9.7,0.015,0.1,0.088,8,-7.9,4.694,40.1,0.111,10.1,30,0.5,4.534,low - thin coverage on at least one side
VISHWASH NAGAR,226,Shahdara,1.205,1.101,91.3,1.6,0.921,83.7,0,0,83.7,0,0,0,0,0,0,0,0,0,0,0.18,0,low - thin coverage on at least one side
MADIPUR,104,West,0.579,0.519,89.6,7.5,0.485,93.6,0.039,88.6,5,0,0,0.003,6.8,-6.8,0,0,0,0,0,0.033,0,low - thin coverage on at least one side
RAJENDER NAGAR,149,Central,4.358,3.989,91.5,30.1,2.083,52.2,1.285,97.9,-45.7,0,0,0.011,0.8,-0.8,1.128,28.3,0.002,0.2,28.1,0.778,0,ok
R. K. PURAM,167,South-West,2.303,2.007,87.2,9,1.263,62.9,0.183,88,-25,0.009,0.4,0,0,0.4,0.103,5.1,0.004,1.9,3.2,0.632,0,low - thin coverage on at least one side
SAFDARJANG ENCLAVE,163,South-West,3.681,3.45,93.7,8,1.828,53,0.208,70.5,-17.5,0,0,0,0,0,1.498,43.4,0.008,2.7,40.7,0.124,0,low - thin coverage on at least one side
HAUZ KHAS,164,South,2.297,2.086,90.8,10.8,1.743,83.6,0.06,24.3,59.3,0,0,0,0,0,0.047,2.3,0,0,2.3,0.296,0,ok
KOTLA MUBARAKPUR,158,South,1.37,1.221,89.1,17.1,0.966,79.1,0.158,67.5,11.6,0,0,0,0,0,0.044,3.6,0,0,3.6,0.211,0,ok
MANGLAPURI,130,South-West,2.452,2.259,92.1,14,2.201,97.4,0.343,100,-2.6,0,0,0,0,0,0.039,1.7,0,0,1.7,0.019,0,ok
MANGOL PURI  NORTH,38,Outer,0.583,0.542,92.9,0,0.513,94.7,0,,,0,0,0,,,0,0,0,,,0.028,0,low - thin coverage on at least one side
TAGORE GARDEN,106,West,0.825,0.772,93.6,3.7,0.593,76.8,0,0,76.8,0,0,0,0,0,0.031,4,0,0,4,0.149,0,low - thin coverage on at least one side
LADOSARAI,169,South,6.403,6.039,94.3,6.2,2.431,40.3,0.318,80.3,-40,0,0,0.003,0.8,-0.8,2.168,35.9,0.03,7.6,28.3,1.44,0,low - thin coverage on at least one side
NARELA,1,Outer North,20.294,17.838,87.9,14.3,5.95,33.4,1.925,66.3,-32.9,1.989,11.2,0.887,30.5,-19.4,1.691,9.5,0.048,1.7,7.8,2.25,5.959,ok
BHALASWA JAHAGIR PUR,5,Outer North,13.122,2.596,19.8,12.1,0.812,31.3,0.925,58.1,-26.8,0,0,0.462,29,-29,0.421,16.2,0.201,12.6,3.6,1.362,0,ok
BURARI,7,North,17.349,1.42,8.2,41.5,0.018,1.3,0.161,2.2,-0.9,0.018,1.3,0.131,1.8,-0.5,0.177,12.5,6.907,95.9,-83.5,1.207,0,low - thin coverage on at least one side
PATPARGANJ,220,East,1.558,1.379,88.5,28.6,1.123,81.5,0.398,89.2,-7.8,0,0,0,0,0,0.128,9.3,0.004,0.9,8.4,0.128,0,ok
PANDAV NAGAR,224,East,1.776,1.468,82.7,15.4,0.651,44.4,0.009,3.3,41.1,0,0,0.091,33.3,-33.3,0.567,38.6,0.173,63.4,-24.7,0.249,0,ok
KISHAN KUNJ,221,East,1.374,1.072,78,21.7,0.742,69.2,0,0,69.2,0,0,0,0,0,0.306,28.6,0.022,7.4,21.2,0.024,0,ok
DHARAMPURA,233,Shahdara,1.156,0.905,78.3,7,0.485,53.5,0,0,53.5,0,0,0.01,12.5,-12.5,0.23,25.4,0.022,27.5,-2.1,0.191,0,low - thin coverage on at least one side
NEW USMANPUR,251,North-East,1.954,1.759,90,30.7,0.851,48.4,0,0,48.4,0,0,0,0,0,0.671,38.2,0.003,0.5,37.7,0.237,0,ok
BHAJANPURA,253,North-East,1.173,1.036,88.3,16.7,0.708,68.3,0,0,68.3,0,0,0,0,0,0.233,22.5,0,0,22.5,0.096,0,ok
NEHRU VIHAR,267,North-East,0.142,0.142,100,0,0,0,0,,,0,0,0,,,0,0,0,,,0.003,0.139,low - thin coverage on at least one side
SAID UL AJAIB,177,South,6.528,5.882,90.1,4.1,0.176,3,0,0,3,0,0,0.057,21.3,-21.3,5.451,92.7,0,0,92.7,0.255,0,low - thin coverage on at least one side
SANGAM VIHAR,178,South,2.568,2.054,80,0,0.077,3.7,0,,,0,0,0,,,1.972,96,0,,,0.005,0,low - thin coverage on at least one side
MEHRAULI,170,South,2.982,2.785,93.4,1,0.262,9.4,0.029,96.7,-87.2,0,0,0,0,0,2.44,87.6,0.001,3.3,84.3,0.083,0,low - thin coverage on at least one side
SANGAM VIHAR WEST,186,South,2.799,2.014,71.9,0.7,0.173,8.6,0,0,8.6,0,0,0,0,0,1.726,85.7,0.02,100,-14.3,0.115,0,low - thin coverage on at least one side
TIGRI,179,South,2.077,0.407,19.6,0,0.135,33.2,0,,,0,0,0,,,0.209,51.2,0,,,0.064,0,low - thin coverage on at least one side
ZAKIR NAGAR,205,South-East,2.72,1.018,37.4,6.9,0.635,62.3,0.13,69.1,-6.8,0,0,0,0,0,0.207,20.3,0.014,7.4,12.9,0.176,0,low - thin coverage on at least one side
NAJAFGARH,138,Dwarka,1.999,0.123,6.2,15.7,0,0,0.243,77.6,-77.6,0,0,0,0,0,0,0,0.037,11.8,-11.8,0,0.123,low - thin coverage on at least one side
JAHANGIR PURI -II,20,North-West,0.757,0.64,84.5,26.7,0.543,84.9,0.201,99,-14.1,0,0,0.002,1,-1,0.009,1.5,0,0,1.5,0.087,0,ok
KUNWAR SINGH NAGAR,121,Outer,6.531,1.111,17,7.4,0.188,17,0.48,100,-83,0,0,0,0,0,0.182,16.4,0,0,16.4,0.74,0,low - thin coverage on at least one side
VIKAS NAGAR,124,West,2.383,2.154,90.4,53.6,1.645,76.4,1.144,89.6,-13.2,0,0,0,0,0,0.232,10.8,0.032,2.5,8.3,0.277,0,ok
VIKAS PURI,123,Dwarka,1.742,0.366,21,12.4,0.243,66.5,0.175,81.4,-14.9,0,0,0.016,7.4,-7.4,0.076,20.8,0,0,20.8,0.046,0,ok
MAHAVIR NAGAR,113,West,1.286,1.168,90.8,67.9,0.965,82.7,0.873,100,-17.3,0,0,0,0,0,0.074,6.3,0,0,6.3,0.129,0,ok
DARYAGANJ,153,Central,5.137,4.033,78.5,38.9,0.418,10.4,0.501,25.1,-14.7,0.049,1.2,0.87,43.5,-42.3,1.34,33.2,0.11,5.5,27.7,2.226,0,ok
BALJIT NAGAR,93,Central,0.388,0.352,90.8,4.2,0.319,90.5,0,0,90.5,0,0,0.016,100,-100,0.005,1.5,0,0,1.5,0.028,0,low - thin coverage on at least one side
NILOTHI,32,Outer,4.034,0.482,11.9,26,0,0,0,0,0,0,0,0.926,88.2,-88.2,0,0,0,0,0,0.482,0,ok
PRATAP VIHAR,36,Rohini,1.108,1.059,95.5,0,0.325,30.7,0,,,0.455,43,0,,,0,0,0,,,0.278,0,low - thin coverage on at least one side
PREM NAGAR,33,Rohini,0.79,0.734,92.9,4.8,0.664,90.5,0,0,90.5,0,0,0,0,0,0.039,5.3,0,0,5.3,0.031,0,low - thin coverage on at least one side
SHASTRI NAGAR,73,North,1.44,1.325,92,4.2,0.954,72,0.046,76.7,-4.7,0,0,0,0,0,0.203,15.3,0.014,23.3,-8,0.168,0,low - thin coverage on at least one side
VISHNU GARDEN,107,West,0.483,0.461,95.3,0,0.461,100,0,,,0,0,0,,,0,0,0,,,0,0,low - thin coverage on at least one side
TUKHMIR PUR,270,North-East,0.481,0.455,94.4,0,0,0,0,,,0,0,0,,,0,0,0,,,0.005,0.45,low - thin coverage on at least one side
RAJ NAGAR,142,,0.235,0.235,100,24.6,0.087,36.9,0,0,36.9,0,0,0,0,0,0,0,0.034,58.6,-58.6,0.148,0,ok
